question,answer,reference
O que é o IFSP?,"O IFSP é o Instituto Federal de Educação, Ciência e Tecnologia de São Paulo, constituído mediante transformação do Centro Federal de Educação Tecnológica de São Paulo, nos termos da Lei nº. 11.892, de 29 de dezembro de 2008.","Organização Didática dos Cursos de Graduação, Título I, Capítulo I, Art. 1"
Qual é a finalidade do IFSP?,"A finalidade do IFSP é ofertar educação profissional e tecnológica, em todos os seus níveis e modalidades, formando e qualificando o estudante de forma ética, responsável, autônoma e criativa.","Organização Didática dos Cursos de Graduação, Título I, Capítulo I, Art. 1, § 3º"
O que o IFSP oferece em termos de atendimento educacional especializado?,"O IFSP concede atendimento educacional especializado para Pessoas com Necessidades Específicas, atendendo ao princípio da igualdade, como meio de garantir o acesso e a permanência desses estudantes na Instituição.","Organização Didática dos Cursos de Graduação, Título I, Capítulo I, Art. 1, § 4º"
Quais são as atividades indissociáveis desenvolvidas pelo IFSP?,"As atividades indissociáveis desenvolvidas pelo IFSP são o ensino, a pesquisa e a extensão, como meio de formação acadêmico-profissional com a educação integrada e propulsoras de relações sociais mais aproximadas e justas.","Organização Didática dos Cursos de Graduação, Título I, Capítulo I, Art. 2"
O IFSP oferece cursos a distância?,"Sim, o IFSP pode desenvolver e oferecer cursos a distância, observando a legislação vigente, a capacidade técnica e tecnológica e a presença de corpo docente e técnico-administrativo de suporte no câmpus ofertante.","Organização Didática dos Cursos de Graduação, Título I, Capítulo I, Art. 3"
Quais são as bases legais que embasam a Organização Didática dos Cursos de Graduação do IFSP?,"A Organização Didática dos Cursos de Graduação do IFSP está em consonância com a Lei de Diretrizes e Bases da Educação Nacional nº. 9.394, de 20 de dezembro de 1996 (LDB), suas regulamentações, Pareceres, as Diretrizes Curriculares Nacionais e o PDI.","Organização Didática dos Cursos de Graduação, Título I, Capítulo II, Art. 5"
Quais são os graus oferecidos pelo Instituto Federal de São Paulo?,"O Instituto Federal de São Paulo oferece os seguintes graus: Tecnologia, Bacharelado, Licenciatura, Formação pedagógica para graduados não licenciados e Segunda licenciatura.","Título II, Art. 6, Organização Didática dos Cursos de Graduação"
Quais são as formas de ingresso nos cursos superiores de graduação do IFSP?,"As formas de ingresso nos cursos superiores de graduação do IFSP são: processo de seleção, aberto ao público; processos para reopção de curso; processos para transferência externa; processos para reingresso; processos para portador de diploma de graduação; convênio cultural com outros países; e estudante especial.","Art. 10, Organização Didática dos Cursos de Graduação"
O que é necessário para o planejamento e a organização curricular dos cursos superiores de graduação?,"O planejamento e a organização curricular dos cursos superiores de graduação devem observar as determinações legais previstas na Lei de Diretrizes e Bases da Educação Nacional, nas Diretrizes Curriculares Nacionais estabelecidas pelo Conselho Nacional de Educação e no Projeto Político-Pedagógico Institucional.","Art. 7, Organização Didática dos Cursos de Graduação"
Quais são os critérios para a seleção de estudantes para os cursos superiores de graduação?,"Os critérios para a seleção de estudantes para os cursos superiores de graduação são estabelecidos em edital específico, respeitando as definições de oferta do PPC.","Art. 11, Organização Didática dos Cursos de Graduação"
Qual é a base legal para a Organização Didática do IFSP?,"A Organização Didática do IFSP está em consonância com a Lei de Diretrizes e Bases da Educação Nacional nº. 9.394, de 20 de dezembro de 1996 (LDB), suas regulamentações, Pareceres, as Diretrizes Curriculares Nacionais e o PDI.","Capítulo II, Art. 5, Organização Didática dos Cursos de Graduação"
Quais são os graus de ensino superior de graduação oferecidos pelo IFSP?,"Tecnologia, Bacharelado, Licenciatura, Formação pedagógica para graduados não licenciados e Segunda licenciatura.","Art 6, Título II, Organização Didática dos Cursos de Graduação"
Quais são as formas de ingresso nos cursos superiores de graduação do IFSP?,"Processo de seleção aberto ao público, reopção de curso, transferência externa, reingresso, portador de diploma de graduação, convênio cultural com outros países e estudante especial.","Art 10, Título II, Organização Didática dos Cursos de Graduação"
O que é necessário para o planejamento e a organização curricular dos cursos superiores de graduação?,"Observar as determinações legais previstas na Lei de Diretrizes e Bases da Educação Nacional, nas Diretrizes Curriculares Nacionais estabelecidas pelo Conselho Nacional de Educação e no Projeto Político-Pedagógico Institucional.","Art 7, Título II, Organização Didática dos Cursos de Graduação"
Quais são os eixos tecnológicos que os cursos superiores de tecnologia estarão organizados?,"De acordo com as cargas horárias mínimas e o perfil profissional de conclusão estabelecido no Catálogo Nacional dos Cursos Superiores de Tecnologia, mantido pelo Ministério da Educação.","Art 17, Capítulo I, Organização Didática dos Cursos de Graduação"
Quais são as disciplinas que devem ser previstas em todos os cursos superiores de tecnologia?,A disciplina de Língua Brasileira de Sinais (Libras) como eletiva ou optativa.,"Art 20, Capítulo I, Organização Didática dos Cursos de Graduação"
Quais são os graus oferecidos pelo Instituto Federal de São Paulo?,"O Instituto Federal de São Paulo oferece os seguintes graus: Tecnologia, Bacharelado, Licenciatura, Formação pedagógica para graduados não licenciados e Segunda licenciatura.","Título II, Art. 6, Organização Didática dos Cursos de Graduação"
Quais são as formas de ingresso nos cursos superiores de graduação do IFSP?,"As formas de ingresso nos cursos superiores de graduação do IFSP são: processo de seleção, aberto ao público; processos para reopção de curso; processos para transferência externa; processos para reingresso; processos para portador de diploma de graduação; convênio cultural com outros países; e estudante especial.","Art. 10, Organização Didática dos Cursos de Graduação"
O que é necessário para o planejamento e a organização curricular dos cursos superiores de graduação?,"O planejamento e a organização curricular dos cursos superiores de graduação devem observar as determinações legais previstas na Lei de Diretrizes e Bases da Educação Nacional, nas Diretrizes Curriculares Nacionais estabelecidas pelo Conselho Nacional de Educação e no Projeto Político-Pedagógico Institucional.","Art. 7, Organização Didática dos Cursos de Graduação"
Quais são os requisitos para os projetos pedagógicos dos cursos a distância?,"Os projetos pedagógicos dos cursos a distância devem prever atendimento apropriado a estudantes portadores de necessidades especiais, explicitar a concepção pedagógica dos cursos e programas a distância, e apresentar os respectivos currículos, número de vagas proposto, sistema de avaliação do estudante, e descrição das atividades presenciais obrigatórias.","Art. 8, Organização Didática dos Cursos de Graduação"
Quais são os objetivos dos cursos de bacharelado?,Os cursos de bacharelado são destinados a conduzir o discente a uma habilitação profissional de nível superior de graduação.,"Capítulo II, Art. 21, Organização Didática dos Cursos de Graduação"
Quais são os graus oferecidos pelo Instituto Federal de São Paulo?,"Tecnologia, Bacharelado, Licenciatura, Formação pedagógica para graduados não licenciados e Segunda licenciatura.",Art. 6 do Título II dos Cursos Superiores de Graduação
Quais são as formas de ingresso nos cursos superiores de graduação do IFSP?,"Processo de seleção aberto ao público, reopção de curso, transferência externa, reingresso, portador de diploma de graduação, convênio cultural com outros países e estudante especial.",Art. 10 do Título II dos Cursos Superiores de Graduação
Quais são os cursos de formação inicial em nível superior de profissionais do magistério para a educação básica?,"Cursos de graduação de licenciatura, cursos de segunda licenciatura e cursos de formação pedagógica para graduados não licenciados.",Art. 25 do Capítulo IV da Formação Inicial em Nível Superior de Profissionais do Magistério para a Educação Básica
O que é obrigatório nos cursos de licenciatura?,A disciplina de Língua Brasileira de Sinais (Libras) e o estágio curricular supervisionado.,"Art. 25, § 3º e Art. 27, § 2º do Capítulo IV da Formação Inicial em Nível Superior de Profissionais do Magistério para a Educação Básica"
Quais são os núcleos que compõem a estrutura curricular dos cursos superiores de licenciatura?,"Núcleo de estudos de formação geral, núcleo de aprofundamento e diversificação de estudos das áreas de atuação profissional e núcleo de estudos integradores para enriquecimento curricular.",Art. 27 do Capítulo IV da Formação Inicial em Nível Superior de Profissionais do Magistério para a Educação Básica
O que é o objetivo do IFSP ao reservar 50% das vagas para estudantes provenientes da rede pública de ensino?,Manter o equilíbrio entre os distintos segmentos socioeconômicos que procuram matricular-se nas ofertas educacionais do IFSP e contribuir para o fortalecimento da escola pública de educação básica.,"Art. 32, Título III, Organização Didática dos Cursos de Graduação"
Quais são os tipos de ingresso a períodos subsequentes ao primeiro período dos cursos?,"Portador de diploma, transferência, reopção e reingresso.","Art. 35, Título III, Organização Didática dos Cursos de Graduação"
O que é necessário para o ingresso de estudantes no IFSP?,"Processo seletivo de caráter classificatório, com edital publicado e divulgado, contendo as vagas, turnos, cursos e câmpus de ofertas, demais procedimentos para inscrições, entrega de documentação e realização de provas (quando couber).","Art. 34, Título III, Organização Didática dos Cursos de Graduação"
Quais são os núcleos que compõem a estrutura curricular dos cursos superiores de licenciatura?,"Núcleo de estudos de formação geral, núcleo de aprofundamento e diversificação de estudos das áreas de atuação profissional e núcleo de estudos integradores para enriquecimento curricular.","Art. 27, Capítulo IV, Organização Didática dos Cursos de Graduação"
O que é obrigatório nos cursos de licenciatura?,A disciplina de Língua Brasileira de Sinais (Libras) e o estágio curricular supervisionado.,"Art. 25, §3º e Art. 27, §2º, Capítulo IV, Organização Didática dos Cursos de Graduação"
O que é o objetivo do IFSP ao reservar 50% das vagas para estudantes provenientes da rede pública de ensino?,O objetivo é manter o equilíbrio entre os distintos segmentos socioeconômicos que procuram matricular-se nas ofertas educacionais do IFSP e contribuir para o fortalecimento da escola pública de educação básica.,"Art. 32, Título III, Organização Didática dos Cursos de Graduação"
Quais são os critérios para o ingresso de estudantes nos cursos ofertados pelo IFSP?,"O ingresso dos estudantes nos cursos ofertados pelo IFSP será realizado por meio de processo seletivo de caráter classificatório, respeitada a legislação específica.","Art. 34, Título III, Organização Didática dos Cursos de Graduação"
Quais são as situações previstas para o ingresso de estudantes no IFSP?,"As situações previstas são: portador de diploma, transferência, reopção e reingresso.","Art. 35, Título III, Organização Didática dos Cursos de Graduação"
O que é necessário para a admissão de estudantes a períodos subsequentes ao primeiro período dos cursos?,É necessário um edital específico para cada uma das situações previstas para o ingresso de estudantes.,"Art. 35, Título III, Organização Didática dos Cursos de Graduação"
"Quais são as condições para o ingresso de estudante no IFSP por transferência, por portador de diploma, por reingresso e por reopção?","As condições são: declarar existência de vaga, realizar correlação de estudos, declarar aceitação das normas do IFSP, apresentar documentação prevista em edital e cumprir adaptações curriculares, quando necessárias.","Art. 38, Título III, Organização Didática dos Cursos de Graduação"
O que é o objetivo do IFSP ao reservar 50% das vagas para estudantes provenientes da rede pública de ensino?,Manter o equilíbrio entre os distintos segmentos socioeconômicos que procuram matricular-se nas ofertas educacionais do IFSP e contribuir para o fortalecimento da escola pública de educação básica.,Art. 32 do Título III do Documento de Organização Didática dos Cursos de Graduação
Quais são os critérios para o ingresso de estudantes nos cursos ofertados pelo IFSP?,O ingresso dos estudantes nos cursos ofertados pelo IFSP será realizado por meio de processo seletivo de caráter classificatório.,Art. 34 do Título III do Documento de Organização Didática dos Cursos de Graduação
O que é necessário para um estudante ser admitido em um curso do IFSP por transferência?,"Declarar existência de vaga, publicada em edital; realizar correlação de estudos entre os componentes curriculares cursados e a estrutura curricular do respectivo curso do IFSP; declarar aceitação das normas do IFSP; apresentar a documentação prevista em edital; cumprir adaptações curriculares, quando necessárias.",Art. 38 do Título III do Documento de Organização Didática dos Cursos de Graduação
Quais são as condições para um estudante de instituição estrangeira ser transferido para o IFSP?,"Declarar existência de vaga, publicada em edital; realizar correlação de estudos entre os componentes curriculares cursados e a estrutura curricular do respectivo curso do IFSP; estar regularmente matriculado na instituição de origem; declarar aceitação das normas do IFSP; cumprir adaptações curriculares, quando necessárias; apresentar a documentação acadêmica com tradução juramentada e com revalidação no órgão competente; demonstrar proficiência na língua portuguesa, aferida pelo próprio IFSP.",Art. 47 do Capítulo II do Documento de Organização Didática dos Cursos de Graduação
O que é um estudante especial no IFSP?,"Um estudante que pode requerer ingresso em cursos do IFSP para cursar componentes curriculares isolados, caso haja vagas remanescentes e edital publicado.",Art. 37 do Título III do Documento de Organização Didática dos Cursos de Graduação
Quem é responsável pelo registro das informações acadêmicas dos estudantes no IFSP?,A Coordenadoria de Registros Acadêmicos ou equivalente à qual cada estudante esteja vinculado.,"Organização Didática dos Cursos de Graduação, Título IV, Capítulo I, Art. 48"
Quais são as informações acadêmicas que devem ser registradas pela Coordenadoria de Registros Acadêmicos?,"As informações acadêmicas que devem ser registradas incluem forma de ingresso, informações socioeconômicas, matrícula e renovação de matrícula, registro de histórico acadêmico e boletim acadêmico, entre outras.","Organização Didática dos Cursos de Graduação, Título IV, Capítulo I, Art. 48"
Quem é responsável por registrar os dados referentes aos componentes curriculares no sistema acadêmico?,"O professor é responsável por registrar os dados referentes aos componentes curriculares no sistema acadêmico, no diário de classe.","Organização Didática dos Cursos de Graduação, Título IV, Capítulo I, Art. 49"
Qual é o papel do Coordenador de Curso no registro dos conteúdos ministrados e das atividades desenvolvidas?,"O Coordenador de Curso deve realizar o acompanhamento do registro dos conteúdos ministrados e das atividades desenvolvidas pelos docentes, nos diários de classe.","Organização Didática dos Cursos de Graduação, Título IV, Capítulo I, Art. 50"
Para que servem os diários de classe impressos e assinados?,Os diários de classe impressos e assinados servem para fins de reconhecimento de cursos e registro dos conteúdos e aulas ministrados.,"Organização Didática dos Cursos de Graduação, Título IV, Capítulo I, Art. 51"
O que é matrícula no IFSP?,"Matrícula é o ato formal pelo qual se dá a vinculação acadêmica do estudante ao IFSP após a classificação em Processo Seletivo e convocação conforme número de vagas disponíveis, mediante a apresentação dos documentos exigidos no edital.","Título IV da Gestão Acadêmica, Capítulo II da Matrícula, Art. 52"
Quais são os requisitos básicos para matrícula de estudante especial?,"Os requisitos básicos para matrícula de estudante especial são a existência de vagas publicadas em edital e, para os estudantes matriculados nos cursos do IFSP, a compatibilidade de horário.","Título IV da Gestão Acadêmica, Capítulo II da Matrícula, Art. 63"
O que é trancamento de matrícula compulsório?,"Trancamento de matrícula compulsório é aquele em que o estudante necessite interromper os estudos devido a problemas de saúde, convocação para o serviço militar, acompanhamento de cônjuge, familiar ascendente ou descendente, para tratamento de saúde, entre outros casos previstos em lei.","Título IV da Gestão Acadêmica, Capítulo II da Matrícula, Art. 66"
Quais são as consequências de não efetuar a rematrícula dentro do prazo estipulado?,O estudante que não efetuar a rematrícula dentro do prazo estipulado poderá ter sua matrícula cancelada mediante a abertura de processo pela Coordenadoria Sociopedagógica.,"Título IV da Gestão Acadêmica, Capítulo II da Matrícula, Art. 56"
O que é cancelamento de matrícula no curso?,O cancelamento de matrícula é o ato formal de desligamento do estudante de forma voluntária ou compulsória.,"Título IV da Gestão Acadêmica, Capítulo II da Matrícula, Art. 73"
Como um estudante do IFSP posso solicitar transferência de turno?,"A transferência de turno pode ser solicitada junto à Coordenadoria de Registros Acadêmicos ou equivalente, acompanhada de documentos que justifiquem a solicitação, se for o caso.","Título IV, Capítulo III, Art. 76"
Quais são os critérios para priorizar pedidos de transferência de turno?,"Os critérios para priorizar pedidos de transferência de turno são: incorporação ao Serviço Militar Obrigatório, incompatibilidade entre o horário das aulas e o horário de trabalho ou estágio, dificuldade de frequentar as aulas no período em que esteja matriculado, por problema de saúde devidamente atestado, e mudança de domicílio que dificulte a frequência no turno em que está matriculado.","Título IV, Capítulo III, Art. 76, § 2º"
Como posso solicitar transferência do IFSP para outra instituição?,"A transferência do IFSP para outra instituição pode ser solicitada a qualquer tempo, desde que esteja regularmente matriculado cursando ou com matrícula trancada, e o pedido deve ser realizado na Coordenadoria de Registros Acadêmicos ou equivalente do câmpus.","Título IV, Capítulo III, Art. 77 e 78"
Quais são os documentos necessários para solicitar transferência do IFSP para outra instituição?,"Para solicitar transferência do IFSP para outra instituição, é necessário apresentar termo de quitação de compromissos (nada consta) com a Biblioteca.","Título IV, Capítulo III, Art. 78, Parágrafo Único"
Quanto tempo leva para expedir a guia de transferência?,"A expedição da guia de transferência deve ocorrer no prazo máximo de 20 (vinte) dias úteis, contados da data do pedido.","Título IV, Capítulo III, Art. 79"
O que é mobilidade de estudantes no IFSP?,A mobilidade de estudantes no IFSP é a possibilidade de realizar intercâmbio de estudantes do IFSP para outras instituições de ensino ou de estudantes de outras instituições de ensino para o IFSP.,"Organização Didática dos Cursos de Graduação, Título IV, Capítulo IV, Art. 80"
Quais são os requisitos para um estudante do IFSP participar de intercâmbio em outra instituição?,"O estudante deve ser regularmente matriculado no IFSP, aprovar o Plano de Estudos com o Coordenador do Curso e o Colegiado do Curso, e comprovar proficiência em língua estrangeira, se for o caso.","Organização Didática dos Cursos de Graduação, Título IV, Capítulo IV, Art. 81"
Como são aproveitados os componentes curriculares cumpridos em outra instituição?,"Os componentes curriculares cumpridos com êxito em outra instituição são aproveitados e relacionados no histórico acadêmico do estudante, com a carga horária total cumprida.","Organização Didática dos Cursos de Graduação, Título IV, Capítulo IV, Art. 84"
Quais são as responsabilidades do Coordenador do Curso em relação ao intercâmbio de estudantes?,O Coordenador do Curso é responsável pelo acompanhamento da realização das atividades previstas no Plano de Estudos e pela aprovação do Plano de Estudos.,"Organização Didática dos Cursos de Graduação, Título IV, Capítulo IV, Art. 82 e 83"
Quais são as condições para um estudante de outra instituição participar de intercâmbio no IFSP?,"O estudante deve ser regularmente matriculado em instituição de ensino conveniada com o IFSP, aprovar o Plano de Estudos com o Colegiado de Curso e declarar aceitação das normas do IFSP.","Organização Didática dos Cursos de Graduação, Título IV, Capítulo IV, Art. 85 e 88"
Quais são os casos em que o estudante tem direito ao abono de faltas?,"O abono de faltas é concedido em casos de convocação para serviço militar, participação em reuniões da CONAES e falecimento de familiares.","Organização Didática dos Cursos de Graduação, Título IV, Capítulo V, Artigos 89 e 90"
Quais são as condições para que o estudante faça jus ao regime de exercícios domiciliares?,"O estudante deve requerer a concessão à Coordenação do Curso, apresentar atestado médico e ter compatibilidade entre a natureza dos componentes curriculares e a aplicação do regime de exercícios domiciliares.","Organização Didática dos Cursos de Graduação, Título IV, Capítulo V, Artigo 94"
Quem é responsável por atribuir os exercícios domiciliares ao estudante?,Os docentes encarregados dos componentes curriculares são responsáveis por atribuir os exercícios domiciliares ao estudante.,"Organização Didática dos Cursos de Graduação, Título IV, Capítulo V, Artigo 95"
Como é feita a avaliação do estudante que está no regime de exercícios domiciliares?,"O estudante é submetido a processo de avaliação equivalente ao aplicado aos demais estudantes do curso, no que diz respeito ao grau de dificuldade e ao conteúdo.","Organização Didática dos Cursos de Graduação, Título IV, Capítulo V, Artigo 97"
O que acontece com as atividades de estágio e componentes curriculares práticos quando o estudante está no regime de exercícios domiciliares?,Essas atividades são realizadas após o retorno do estudante às aulas.,"Organização Didática dos Cursos de Graduação, Título IV, Capítulo V, Artigo 98"
Quais são os requisitos para que um estudante possa aproveitar estudos de componentes curriculares já cursados em outra instituição?,"Os estudantes devem ter cursado com aprovação no IFSP ou em instituição congênere, credenciada pelo MEC e com cursos autorizados ou reconhecidos pelo MEC, e protocolar requerimento com documentos específicos.","Título IV da Gestão Acadêmica, Capítulo VI do Aproveitamento de Estudos, Art. 101 e 103"
Quem é responsável por analisar o pedido de aproveitamento de estudos?,A Comissão Verificadora de Aproveitamento de Estudos designada pelo Coordenador de Curso.,"Título IV da Gestão Acadêmica, Capítulo VI do Aproveitamento de Estudos, Art. 102"
Qual é o percentual mínimo de equivalência necessário para que um componente curricular seja considerado aproveitável?,80% (oitenta por cento) do componente curricular para o qual foi solicitado o aproveitamento.,"Título IV da Gestão Acadêmica, Capítulo VI do Aproveitamento de Estudos, Art. 104"
É possível aproveitar estudos de componentes curriculares cursados em outra instituição para as dependências que o estudante está cursando no IFSP?,"Não, é vedada a solicitação de aproveitamento de estudos de componentes curriculares cursados em outra instituição para as dependências que o estudante está cursando no IFSP.","Título IV da Gestão Acadêmica, Capítulo VI do Aproveitamento de Estudos, Art. 104, § 4º"
Quais são os procedimentos para que um estudante estrangeiro ou brasileiro com estudos realizados no exterior possa aproveitar estudos?,Os estudantes devem apresentar documentação com tradução juramentada e com revalidação no órgão competente.,"Título IV da Gestão Acadêmica, Capítulo VI do Aproveitamento de Estudos, Art. 107"
O que é o Regime Especial de Dependência no IFSP?,"O Regime Especial de Dependência é um regime que permite ao estudante cursar as dependências em outro turno ou em componentes curriculares correlatos de cursos afins, com atividades de avaliação e atendimento programadas pelo docente e referendadas pelo Colegiado de Curso, com no mínimo 40% da carga horária total do componente curricular de forma presencial.","Organização Didática dos Cursos de Graduação, Título IV, Capítulo VII, Art. 109"
Quais são os casos em que o Regime Especial de Dependência se aplica?,"O Regime Especial de Dependência se aplica aos estudantes que não tenham sido reprovados por falta no respectivo componente curricular, para os componentes curriculares definidos pelo Colegiado de Curso que tenham disponibilidade de docentes no câmpus, e em turmas de componentes curriculares regulares em que o estudante em regime especial de dependência, em conjunto com o professor, faça seu plano de estudos e datas de frequência na disciplina.","Organização Didática dos Cursos de Graduação, Título IV, Capítulo VII, Art. 109, § 3º"
Como o estudante pode cursar as dependências no IFSP?,"O estudante pode cursar as dependências em outro turno ou em componentes curriculares correlatos de cursos afins, quando aprovado pelo Colegiado de Curso ou Comissão de elaboração e implementação de cursos, ou como estudante especial em qualquer câmpus do IFSP, desde que em componentes curriculares correlatos, de cursos afins, quando aprovado pelo Colegiado de Curso.","Organização Didática dos Cursos de Graduação, Título IV, Capítulo VII, Art. 108, § 1º e § 2º"
Quais são os requisitos para o Regime Especial de Dependência?,"O estudante deve solicitar sua inscrição nesse regime por meio de requerimento específico, na Coordenadoria de Registros Acadêmicos ou equivalente, de acordo com data prevista no calendário acadêmico, e cumprir o mínimo de 40% da carga horária total do componente curricular de forma presencial.","Organização Didática dos Cursos de Graduação, Título IV, Capítulo VII, Art. 109, § 2º e § 3º"
O que não é permitido no Regime Especial de Dependência?,Não são permitidas avaliações substitutivas nem Instrumento Final de Avaliação no Regime Especial de Dependência.,"Organização Didática dos Cursos de Graduação, Título IV, Capítulo VII, Art. 109, § 4º"
Quais são os requisitos para que um estudante faça jus ao Certificado ou Diploma?,"O estudante deve integralizar todos os componentes curriculares, a prática profissional e demais atividades previstas no projeto pedagógico do curso e exigências previstas nesta Organização Didática.","Art. 110 da Organização Didática dos Cursos de Graduação, Título IV da Gestão Acadêmica, Capítulo VIII dos Certificados e Diplomas."
Quem é responsável pela emissão do Diploma ou Certificado?,A Coordenadoria de Registros Acadêmicos do câmpus ao qual o estudante está vinculado é responsável pelas providências para a emissão do Diploma ou Certificado.,"Art. 110, § 2º da Organização Didática dos Cursos de Graduação, Título IV da Gestão Acadêmica, Capítulo VIII dos Certificados e Diplomas."
Quais são os requisitos para solicitar a emissão do Diploma dos cursos superiores de graduação?,"O estudante deve cumprir as seguintes exigências: integralizar todos os componentes curriculares, cumprir a prática profissional, entregar o TCC, apresentar termo de quitação de compromissos, estar com a situação regular referente ao ENADE, participar da solenidade de outorga de grau e entregar a documentação exigida.","Art. 113 da Organização Didática dos Cursos de Graduação, Título IV da Gestão Acadêmica, Capítulo VIII dos Certificados e Diplomas."
O que é uma etapa com terminalidade?,"Uma etapa com terminalidade é a conclusão intermediária de cursos que caracterize uma qualificação para o trabalho, claramente definida e com identidade própria.","Art. 112, § 1º da Organização Didática dos Cursos de Graduação, Título IV da Gestão Acadêmica, Capítulo VIII dos Certificados e Diplomas."
Quem assina os certificados?,"Os certificados são assinados pelo Diretor-Geral do câmpus, pelo concluinte e pelo responsável pela Coordenadoria de Registros Acadêmicos do câmpus.","Art. 111 da Organização Didática dos Cursos de Graduação, Título IV da Gestão Acadêmica, Capítulo VIII dos Certificados e Diplomas."
O que é necessário para um estudante participar da solenidade de colação de grau?,"Para participar da solenidade de colação de grau, o estudante deve integralizar todos os componentes curriculares previstos no Projeto Pedagógico de Curso, cumprir a prática profissional com relatório aprovado, apresentar o TCC com a entrega da versão final aprovada, integralizar a carga horária prevista no projeto pedagógico de curso e apresentar termo de quitação de compromissos da biblioteca.","Art. 117, § 1º, do Título IV da Gestão Acadêmica, Capítulo X das Solenidades de Conclusão de Curso"
Quem pode requerer outorga de grau?,"Somente o estudante que tenha integralizado o seu curso, cumprindo todos os componentes curriculares e todas as atividades obrigatórias constantes do PPC do curso pode requerer outorga de grau.","Art. 117 do Título IV da Gestão Acadêmica, Capítulo X das Solenidades de Conclusão de Curso"
Quais são as condições para a realização de uma colação de grau?,"A data e o horário do Ato Oficial de Colação de Grau serão agendados pela Direção-Geral do câmpus, observando que não serão permitidas colações de grau simultâneas e em locais diferentes para cursos do mesmo câmpus, e será realizada apenas uma colação de grau por curso, por semestre.","Art. 118 do Título IV da Gestão Acadêmica, Capítulo X das Solenidades de Conclusão de Curso"
Como é feita a divulgação da data da cerimônia de colação de grau?,"A Coordenadoria de Registros Acadêmicos deve divulgar à comunidade acadêmica, especialmente aos estudantes aptos a colarem grau, a data da cerimônia com 60 dias de antecedência.","Art. 119 do Título IV da Gestão Acadêmica, Capítulo X das Solenidades de Conclusão de Curso"
Quais são as situações em que é possível requerer outorga de grau extemporânea?,"É possível requerer outorga de grau extemporânea em casos de realização de concurso, viagens de estudo para o exterior ou mudança de residência para outro Estado ou País.","Art. 121 do Título IV da Gestão Acadêmica, Capítulo X das Solenidades de Conclusão de Curso"
O que o IFSP faz para acompanhar a frequência e o desempenho acadêmico dos estudantes?,"O IFSP desenvolve ações de acompanhamento da frequência e do desempenho acadêmico dos estudantes, com o objetivo de garantir a inserção, a permanência e o êxito, através de estratégias contínuas e sistematizadas pelo Coordenador de Curso, em conjunto com os professores e a coordenadoria sociopedagógica.","Organização Didática dos Cursos de Graduação, Título V, Capítulo I, Art. 125"
Quais são os objetivos das ações de intervenção do IFSP para os estudantes?,"As ações de intervenção do IFSP visam proporcionar o desenvolvimento de práticas curriculares que garantam a permanência dos estudantes, formação continuada para servidores, práticas curriculares que fortaleçam o ambiente acadêmico e acompanhamento pedagógico que promova a inclusão.","Organização Didática dos Cursos de Graduação, Título V, Capítulo I, Art. 125, § 2º"
Quais são os espaços privilegiados para o desenvolvimento de ações de acompanhamento da frequência e do desempenho acadêmico dos estudantes?,"Os espaços privilegiados são as reuniões pedagógicas e de grupos, e as reuniões de Colegiado de Curso e da Diretoria Adjunta Educacional.","Organização Didática dos Cursos de Graduação, Título V, Capítulo I, Art. 126"
O que o IFSP oferece para os estudantes com necessidades educacionais específicas?,"O IFSP oferece apoios necessários para o desenvolvimento das atividades de ensino e aprendizagem, através do Núcleo de Apoio às Pessoas com Necessidades Educacionais Específicas (NAPNE).","Organização Didática dos Cursos de Graduação, Título V, Capítulo I, Art. 127"
Quais são as bases legais para o apoio aos estudantes com necessidades educacionais específicas?,As bases legais são o Decreto nº 3.298/1999 e a Lei nº 7.853/1989.,"Organização Didática dos Cursos de Graduação, Título V, Capítulo I, Art. 127"
Quem é responsável pela regulação e avaliação dos cursos de graduação no IFSP?,"A regulação e avaliação dos cursos do IFSP são de competência da Pró-Reitoria de Ensino, bem como dos Núcleos Docentes Estruturantes (NDE), os Colegiados de Cursos, Comissões Próprias de Avaliação (CPA), Conselho de Câmpus (CONCAM) ou equivalente de cada câmpus e o Conselho de Ensino (CONEN).","Organização Didática dos Cursos de Graduação, Título V, Capítulo II, Art. 129"
Por que é importante regular e avaliar as ofertas educacionais do IFSP?,"Para garantir a expansão da oferta educacional pública, gratuita e de qualidade.","Organização Didática dos Cursos de Graduação, Título V, Capítulo II, Art. 128"
Qual é o objetivo da avaliação da aprendizagem no IFSP?,"Promover a melhoria da realidade educacional do estudante, priorizando o processo ensino-aprendizagem, tanto individual quanto coletivamente.","Art. 131, Título V, Capítulo III, SEÇÃO I - DA AVALIAÇÃO DA APRENDIZAGEM"
Quais são os parâmetros que norteiam a avaliação da aprendizagem no IFSP?,"Os princípios do Projeto Político-Pedagógico, a Função Social, os princípios e os objetivos do IFSP e o perfil de conclusão de cada curso.","Art. 130, Título V, Capítulo III, SEÇÃO I - DA AVALIAÇÃO DA APRENDIZAGEM"
Como é feita a avaliação da aprendizagem nos cursos na modalidade EaD?,"As avaliações serão presenciais e a distância, norteadas pela concepção formativa, processual e contínua, pressupondo a contextualização dos conhecimentos e das atividades desenvolvidas.","Art. 134, Título V, Capítulo III, SEÇÃO I - DA AVALIAÇÃO DA APRENDIZAGEM"
Como é feito o registro do processo acadêmico no IFSP?,"O registro do processo acadêmico compreenderá a apuração de frequência às atividades didáticas, a síntese das ações pedagógicas desenvolvidas, incluindo estudos de recuperação da aprendizagem, e a avaliação do aproveitamento acadêmico em todos os componentes curriculares.","Art. 136, Título V, Capítulo III, SEÇÃO II - DO REGISTRO ACADÊMICO DOCENTE"
Quais são os critérios de aprovação no componente curricular?,"O estudante que obtiver, no componente curricular, nota final igual ou superior a 6,0 (seis) e frequência mínima de 75% (setenta e cinco por cento) das aulas dadas.","Art. 141, Título V, Capítulo III, SEÇÃO III - DOS CRITÉRIOS DE APROVAÇÃO E REPROVAÇÃO"
O que é a prática profissional no IFSP?,"A prática profissional é um procedimento didático-pedagógico que contextualiza, articula e inter-relaciona os saberes apreendidos, relacionando teoria e prática.","Organização Didática dos Cursos de Graduação, Título V, Capítulo IV, Art. 147"
Quais são as modalidades de prática profissional no IFSP?,"As modalidades de prática profissional são: componente curricular específico, prática como componente curricular, estágio curricular supervisionado e atividades teórico-práticas de aprofundamento.","Organização Didática dos Cursos de Graduação, Título V, Capítulo IV, Art. 148"
O que são os projetos integradores no IFSP?,"Os projetos integradores são os que articulam ensino, pesquisa e extensão, e permear todos os períodos dos cursos, devendo contemplar a aplicação dos conhecimentos adquiridos durante o curso.","Organização Didática dos Cursos de Graduação, Título V, Capítulo IV, Art. 151"
Qual é o objetivo do estágio supervisionado no IFSP?,"O objetivo do estágio supervisionado é possibilitar ao estudante o exercício da prática profissional, aliando a teoria à prática, como parte integrante de sua formação.","Organização Didática dos Cursos de Graduação, Título V, Capítulo IV, Art. 156"
Quais são as características do estágio obrigatório no IFSP?,"O estágio obrigatório é aquele que constitui prática profissional, como condição para conclusão do curso.","Organização Didática dos Cursos de Graduação, Título V, Capítulo IV, Art. 157"
O que é o Trabalho de Conclusão de Curso (TCC) no IFSP?,O TCC é uma produção acadêmica que expresse as competências e as habilidades desenvolvidas ou os conhecimentos adquiridos pelos estudantes durante o curso.,"Organização Didática dos Cursos de Graduação, Título V, Capítulo V, Art. 163"
Quais são as formas de produção acadêmica consideradas como Trabalho de Conclusão de Curso?,"As formas de produção acadêmica consideradas como TCC são: monografia, artigo publicado em revista ou periódico, e capítulo de livro publicado.","Organização Didática dos Cursos de Graduação, Título V, Capítulo V, Art. 166"
Quem acompanha o desenvolvimento do Trabalho de Conclusão de Curso?,O desenvolvimento do TCC é acompanhado por um professor orientador.,"Organização Didática dos Cursos de Graduação, Título V, Capítulo V, Art. 168"
O que acontece com a versão final do Trabalho de Conclusão de Curso?,"A versão final do TCC fará parte do acervo bibliográfico da instituição, na forma de versão eletrônica e/ou de um exemplar impresso e encadernado, depositado na biblioteca do câmpus.","Organização Didática dos Cursos de Graduação, Título V, Capítulo V, Art. 167"
É possível realizar a defesa de trabalhos de conclusão de curso sob sigilo?,"Sim, a defesa de trabalhos de conclusão de curso pode ser realizada sob sigilo, se o conteúdo for passível de proteção intelectual por patentes ou registro de programa de computador.","Organização Didática dos Cursos de Graduação, Título V, Capítulo V, Art. 169"
Quais são os turnos em que os cursos de graduação do IFSP podem ser oferecidos?,"Os cursos de graduação do IFSP podem ser oferecidos nos turnos matutinos, vespertino, noturno e integral ou, ainda, sem turno estabelecido, na modalidade de educação a distância (EaD).","Organização Didática dos Cursos de Graduação, Título VI, Capítulo I, Art. 170"
Quais são os requisitos mínimos para o calendário acadêmico do IFSP?,"O calendário acadêmico do IFSP deve ter, no mínimo, 200 dias letivos de efetivo trabalho escolar/acadêmico.",Art. 171 do Título VI da Organização Curricular e Acadêmica
O que é considerado um dia letivo no IFSP?,"Um dia letivo é aquele fixado no calendário acadêmico em que se realizam atividades educacionais (ensino, pesquisa e extensão), dentro ou fora dos câmpus, com a participação conjunta de professores e estudantes.",Art. 172 do Título VI da Organização Curricular e Acadêmica
Quem é responsável por elaborar o calendário acadêmico do IFSP?,A PRE (Pró-Reitoria de Ensino) elabora um modelo do Calendário Acadêmico do ano letivo subsequente e apresenta a todos os câmpus no mês de setembro.,Art. 173 do Título VI da Organização Curricular e Acadêmica
Quais são os elementos que devem ser considerados no calendário acadêmico do IFSP?,"O calendário acadêmico deve considerar feriados, recessos, períodos destinados à realização de eventos educacionais e culturais, conselhos de classe, encontros pedagógicos, reuniões com pais, datas de início e término de semestres, entre outros.",Art. 174 do Título VI da Organização Curricular e Acadêmica
Quem aprova o calendário acadêmico do IFSP?,"O calendário acadêmico é aprovado pelo Conselho de Câmpus (CONCAM) ou, na ausência deste, pelo Diretor-geral.",Art. 176 do Título VI da Organização Curricular e Acadêmica
Como os cursos de graduação do IFSP são organizados?,Os cursos de graduação do IFSP são organizados em matrícula por componente curricular e são caracterizados pela estrutura curricular com a possibilidade de estabelecimento de pré-requisitos.,"Organização Didática dos Cursos de Graduação, Título VI, Capítulo III, Art. 180"
Quais são as opções de período letivo para os cursos de graduação do IFSP?,Os períodos letivos dos cursos de graduação do IFSP podem ser ofertados na forma semestral ou anual.,"Organização Didática dos Cursos de Graduação, Título VI, Capítulo III, Art. 180, § 1º"
Como é organizada a estrutura curricular dos cursos de graduação do IFSP?,"A estrutura curricular dos cursos de graduação do IFSP é organizada em períodos letivos, considerando o mínimo possível de pré-requisitos, garantindo a flexibilidade curricular, cuja sequência de cumprimento dos componentes curriculares é optativa para os estudantes.","Organização Didática dos Cursos de Graduação, Título VI, Capítulo III, Art. 180, § 2º"
Como os estudantes realizam a opção de matrícula em componente curricular?,"A cada período letivo, com exceção do primeiro, o estudante realiza a opção de matrícula em componente curricular integrante da estrutura curricular, dentre os que estão sendo ofertados, respeitados os pré-requisitos, quando houver.","Organização Didática dos Cursos de Graduação, Título VI, Capítulo III, Art. 180, § 3º"
Quais são as exigências para as estruturas curriculares dos cursos no regime de componente curricular?,"As estruturas curriculares dos cursos no regime de componente curricular devem prever a carga horária mínima de componente curricular eletivo, quando houver, para a integralização do curso.","Organização Didática dos Cursos de Graduação, Título VI, Capítulo III, Art. 180, § 4º"
O que é o currículo no IFSP?,"O currículo no IFSP é o conjunto de valores propício à produção e à socialização de significados no espaço social, que contribui para a construção da identidade sociocultural do educando, dos direitos e deveres do cidadão, do respeito ao bem comum e à democracia, às práticas educativas formais e não formais e à orientação para o trabalho.","Organização Didática dos Cursos de Graduação, Título VI, Capítulo IV, Art. 181"
Como os cursos de educação tecnológica do IFSP são organizados?,"Os cursos de educação tecnológica do IFSP são organizados por eixos tecnológicos, possibilitando a construção de diferentes itinerários formativos, observada a legislação educacional, normas e regulamentações internas.","Organização Didática dos Cursos de Graduação, Título VI, Capítulo IV, Art. 183"
Quais são as bases para o planejamento de cursos e programas de Educação no IFSP?,As bases para o planejamento de cursos e programas de Educação no IFSP são os Catálogos Nacionais de Cursos mantidos pelos órgãos próprios do MEC e a Classificação Brasileira de Ocupações (CBO).,"Organização Didática dos Cursos de Graduação, Título VI, Capítulo IV, Art. 185"
Quem é responsável por articular a formulação do Projeto Político-Pedagógico (PPP) com o Plano Nacional de Educação?,"Cabe a cada câmpus, considerando a sua identidade e a de seus sujeitos, o contexto em que a escola se situa, as necessidades locais e de seus estudantes, articular a formulação do Projeto Político-Pedagógico (PPP) com o Plano Nacional de Educação.","Organização Didática dos Cursos de Graduação, Título VI, Capítulo IV, Art. 187"
Quem é responsável por construir a proposta dos Projetos Pedagógicos de Curso (PPC)?,"A proposta dos PPCs dos cursos da Educação Superior será construída pelo Núcleo Docente Estruturante (NDE), conforme Resolução da Comissão Nacional de Avaliação da Educação Superior – CONAES nº. 01, de 17 de junho de 2010, considerando as contribuições de toda a comunidade do câmpus.","Organização Didática dos Cursos de Graduação, Título VI, Capítulo IV, Art. 190"
O que são os cursos a distância no IFSP?,"Os cursos a distância no IFSP são desenvolvidos utilizando metodologias e tecnologias não presenciais, respeitando os dispositivos legais vigentes, e contam com a mediação de recursos didáticos sistematicamente organizados.","Organização Didática dos Cursos de Graduação, Título VI, Capítulo V, Art. 194"
Quais são os componentes curriculares que podem compor a estrutura curricular de um curso no IFSP?,"A estrutura curricular de um curso no IFSP pode conter componentes curriculares obrigatórios, eletivos, optativos, estágio, projeto integrador, atividades complementares, atividades acadêmico-culturais, trabalho de conclusão do curso, pré-requisitos e outros componentes curriculares previstos no projeto pedagógico de curso.","Organização Didática dos Cursos de Graduação, Título VI, Capítulo V, Art. 196"
Qual é o prazo máximo para integralização curricular nos cursos de graduação do IFSP?,"O prazo máximo para integralização curricular nos cursos de graduação do IFSP é o dobro dos semestres/anos previstos para conclusão do curso, incluindo-se, nesse caso, o estágio obrigatório e demais atividades obrigatórias, e períodos de trancamento de matrícula.","Organização Didática dos Cursos de Graduação, Título VI, Capítulo V, Art. 199"
Como são desenvolvidos os cursos presenciais e a distância no IFSP?,"Os cursos presenciais e a distância no IFSP são desenvolvidos utilizando metodologias e tecnologias não presenciais, respeitando os dispositivos legais vigentes, e contam com a mediação de recursos didáticos sistematicamente organizados.","Organização Didática dos Cursos de Graduação, Título VI, Capítulo V, Art. 194 e 198"
O que são componentes curriculares optativos no IFSP?,"Os componentes curriculares optativos no IFSP são aqueles que podem ser cursados pelo estudante mediante escolha, dentre os ofertados no período, a partir de um conjunto de opções estabelecido no projeto pedagógico do curso, e não compõem a carga horária obrigatória do curso.","Organização Didática dos Cursos de Graduação, Título VI, Capítulo V, Art. 196"
