file_path,num_pages
/content/ia024-projeto-rag/0-downloaded-files/2-boituva/ppp/Resolucao 06-2016 Aprova PPP.pdf,104
/content/ia024-projeto-rag/0-downloaded-files/3-capivari/ppp/Atualizacao Projeto Politico Pedagogico_PPP Campus Capivari_2021 Aprovado pelo Concam.pdf,142
/content/ia024-projeto-rag/0-downloaded-files/2-boituva/portarias/2014/09 - Setembro/Set_Port_4941_Subcomissão Relatório de Gestão 2014_BTV.pdf,1
/content/ia024-projeto-rag/0-downloaded-files/2-boituva/portarias/2014/09 - Setembro/Set_Port_4690_Comissão PPC de logística_BTV.pdf,1
/content/ia024-projeto-rag/0-downloaded-files/2-boituva/portarias/2014/09 - Setembro/Set_Port_5192_Revoga a portaria 4250 da comissão da estatuinte _BTV.pdf,1
/content/ia024-projeto-rag/0-downloaded-files/2-boituva/portarias/2014/09 - Setembro/Set_Port_4921_Comissão PPP_BTV.pdf,1
/content/ia024-projeto-rag/0-downloaded-files/2-boituva/portarias/2014/09 - Setembro/Set_Port_4691_Comissão PPC de gestão da produção industrial_BTV.pdf,1
/content/ia024-projeto-rag/0-downloaded-files/2-boituva/portarias/2014/12 - Dezembro/Dez_Port_0020_Substituição do período de férias CDI_BTV.pdf,1
/content/ia024-projeto-rag/0-downloaded-files/2-boituva/portarias/2014/12 - Dezembro/Dez_Port_0021_Substituição na Subcomissão Relatório de Gestão 2014_BTV.pdf,1
/content/ia024-projeto-rag/0-downloaded-files/2-boituva/portarias/2014/12 - Dezembro/Dez_Port_0025_Revoga a portaria 2059 que designa membros eleitos conforme código eleitoral.pdf,1
"/content/ia024-projeto-rag/0-downloaded-files/2-boituva/portarias/2014/12 - Dezembro/Dez_Port_0026_Revoga a portaria 1025 que designa o Comitê de Ensino, Pesquisa e Inovação e Extensão (CEPIE).pdf",1
/content/ia024-projeto-rag/0-downloaded-files/2-boituva/portarias/2014/12 - Dezembro/Dez_Port_0024_Fiscal de contrato de locação maquina fotocopiadora_BTV.pdf,1
/content/ia024-projeto-rag/0-downloaded-files/2-boituva/portarias/2014/12 - Dezembro/Dez_Port_0028_Nomear Coordenador de Curso Gestão_BTV.pdf,1
/content/ia024-projeto-rag/0-downloaded-files/2-boituva/portarias/2014/12 - Dezembro/Dez_Port_0022_Fiscal de contrato limpeza e manutenção_BTV.pdf,1
/content/ia024-projeto-rag/0-downloaded-files/2-boituva/portarias/2014/12 - Dezembro/Dez_Port_0029_Designar Banca Examinadora Professor Fisica_BTV.pdf,1
/content/ia024-projeto-rag/0-downloaded-files/2-boituva/portarias/2014/12 - Dezembro/Dez_Port_0027_Substituição do período de férias DRG_BTV.pdf,1
/content/ia024-projeto-rag/0-downloaded-files/2-boituva/portarias/2014/12 - Dezembro/Dez_Port_0023_Fiscal de contrato jardinagem_BTV.pdf,1
/content/ia024-projeto-rag/0-downloaded-files/2-boituva/portarias/2014/11 - Novembro/Nov_Port_0011_PPC Integrado Automação_BTV.pdf,1
/content/ia024-projeto-rag/0-downloaded-files/2-boituva/portarias/2014/11 - Novembro/Nov_Port_0018_Aprovação das Normas para Controle de Patrimônio e Manut. Predial Campus_BTV.pdf,12
/content/ia024-projeto-rag/0-downloaded-files/2-boituva/portarias/2014/11 - Novembro/Nov_Port_0009_CAAD Gestão_BTV.pdf,1
/content/ia024-projeto-rag/0-downloaded-files/2-boituva/portarias/2014/11 - Novembro/Nov_Port_0007_CAAD Indústria_BTV.pdf,1
/content/ia024-projeto-rag/0-downloaded-files/2-boituva/portarias/2014/11 - Novembro/Nov_Port_0017_Aprovação das Normas de Segurança Patrimonial e  Acesso ao Campus_BTV.pdf,5
/content/ia024-projeto-rag/0-downloaded-files/2-boituva/portarias/2014/11 - Novembro/Nov_Port_0012_PPC PROEJA FIC Inclusão Digital_BTV.pdf,1
/content/ia024-projeto-rag/0-downloaded-files/2-boituva/portarias/2014/11 - Novembro/Nov_Port_0004_Comissão de Inventario_BTV.pdf,1
/content/ia024-projeto-rag/0-downloaded-files/2-boituva/portarias/2014/11 - Novembro/Nov_Port_0003_Substituição do período de férias GAD_BTV.pdf,1
/content/ia024-projeto-rag/0-downloaded-files/2-boituva/portarias/2014/11 - Novembro/Nov_Port_0014_Retificação da portaria BTV.0010_2014 de Substituição do período de férias CGP_BTV.pdf,1
/content/ia024-projeto-rag/0-downloaded-files/2-boituva/portarias/2014/11 - Novembro/Nov_Port_0005_Substituição do período de férias CEX_BTV.pdf,1
/content/ia024-projeto-rag/0-downloaded-files/2-boituva/portarias/2014/11 - Novembro/Nov_Port_0010_Substituição do período de férias CGP_BTV.pdf,1
/content/ia024-projeto-rag/0-downloaded-files/2-boituva/portarias/2014/11 - Novembro/Nov_Port_0019_Substituição do período de férias GED_BTV.pdf,1
/content/ia024-projeto-rag/0-downloaded-files/2-boituva/portarias/2014/11 - Novembro/Nov_Port_0013_Retificação da portaria BTV.0003_2014 de Substituição do período de férias GAD_BTV.pdf,1
/content/ia024-projeto-rag/0-downloaded-files/2-boituva/portarias/2014/11 - Novembro/Nov_Port_0016_Substituição do período de férias CAE_BTV.pdf,1
/content/ia024-projeto-rag/0-downloaded-files/2-boituva/portarias/2014/11 - Novembro/Nov_Port_0008_CAAD Nucleo Comum_BTV.pdf,1
/content/ia024-projeto-rag/0-downloaded-files/2-boituva/portarias/2014/11 - Novembro/Nov_Port_0015_Retificação da portaria BTV.0002_2014 de Substituição do período de férias CTI_BTV.pdf,1
/content/ia024-projeto-rag/0-downloaded-files/2-boituva/portarias/2014/11 - Novembro/Nov_Port_0006_CAAD Informática_BTV.pdf,1
/content/ia024-projeto-rag/0-downloaded-files/2-boituva/portarias/2014/03 - Março/Mar_Port_1024_PPP_BTV.pdf,1
/content/ia024-projeto-rag/0-downloaded-files/2-boituva/portarias/2014/03 - Março/Mar_Port_1320_FLISOL_BTV_CANCELADA.pdf,1
/content/ia024-projeto-rag/0-downloaded-files/2-boituva/portarias/2014/03 - Março/Mar_Port_1324_NDE_BTV.pdf,1
/content/ia024-projeto-rag/0-downloaded-files/2-boituva/portarias/2014/03 - Março/Mar_Port_1025_CEPIE_BTV.pdf,1
/content/ia024-projeto-rag/0-downloaded-files/2-boituva/portarias/2014/03 - Março/Mar_Port_1023_NAPNE_BTV.pdf,1
/content/ia024-projeto-rag/0-downloaded-files/2-boituva/portarias/2014/02 - Fevereiro/Fev_Port_489_Alterar servidores Comissão_BTV.pdf,1
/content/ia024-projeto-rag/0-downloaded-files/2-boituva/portarias/2014/05 - Maio/Mai_Port_2136_Calendário_EAD_2014_2_ANEXOI.pdf,1
/content/ia024-projeto-rag/0-downloaded-files/2-boituva/portarias/2014/05 - Maio/Mai_Port_2136_Calendário_EAD_2014_2_BTV.pdf,2
/content/ia024-projeto-rag/0-downloaded-files/2-boituva/portarias/2014/05 - Maio/Mai_Port_2059_Designa membros do Conselho de Campus_BTV.pdf,1
/content/ia024-projeto-rag/0-downloaded-files/2-boituva/portarias/2014/05 - Maio/Mai_Port_2381-14_comissao cpa.pdf,4
/content/ia024-projeto-rag/0-downloaded-files/2-boituva/portarias/2014/08 - Agosto/Ago_Port_4252_Horario de funcionamento do Campus Boituva_BTV.pdf,2
/content/ia024-projeto-rag/0-downloaded-files/2-boituva/portarias/2014/08 - Agosto/Ago_Port_3814_Fiscalização_Fiscais para o contrato da cancela automática_BTV.pdf,1
/content/ia024-projeto-rag/0-downloaded-files/2-boituva/portarias/2014/08 - Agosto/Ago_Port_4250_Comissão Local da Estatuinte_BTV.pdf,1
/content/ia024-projeto-rag/0-downloaded-files/2-boituva/portarias/2014/08 - Agosto/Ago_Port_4251_Membros da Conformidade_BTV.pdf,1
/content/ia024-projeto-rag/0-downloaded-files/2-boituva/portarias/2014/08 - Agosto/Ago_Port_3815_Fiscalização_Fiscais para o contrato do toldo_BTV.pdf,1
/content/ia024-projeto-rag/0-downloaded-files/2-boituva/portarias/2014/08 - Agosto/Ago_Port_3731_Fiscalização_Fiscais para o contrato da cantina_BTV.pdf,1
/content/ia024-projeto-rag/0-downloaded-files/2-boituva/portarias/2014/08 - Agosto/Ago_Port_4164_Subcomissão Eleitoral do Conselho Superior_BTV.pdf,1
/content/ia024-projeto-rag/0-downloaded-files/2-boituva/portarias/2014/08 - Agosto/Ago_Port_3719_Prorroga o tempo de trabalho da Comissão do Desfazimento de Bens_BTV.pdf,1
/content/ia024-projeto-rag/0-downloaded-files/2-boituva/portarias/2014/10 - Outubro/Out_Port_0002_Substituição do período de férias CTI_BTV.pdf,1
/content/ia024-projeto-rag/0-downloaded-files/2-boituva/portarias/2014/10 - Outubro/Out_Port_5319_Fiscalização_Fiscais para o contrato jardinagem e regovar a portaria 2929 de out de 2011_BTV.pdf,1
/content/ia024-projeto-rag/0-downloaded-files/2-boituva/portarias/2014/10 - Outubro/Out-Port_5632_Comissão de análise de incentivo a participação discente no Congresso de Extensão_BTV.pdf,1
/content/ia024-projeto-rag/0-downloaded-files/2-boituva/portarias/2014/10 - Outubro/Out_Port_5557_Fiscalização_Fiscais para o contrato instalação de cortinas_BTV.pdf,1
/content/ia024-projeto-rag/0-downloaded-files/2-boituva/portarias/2014/10 - Outubro/Out_Port_5318_Fiscalização_Fiscais para o contrato manutenção predial_BTV.pdf,1
/content/ia024-projeto-rag/0-downloaded-files/2-boituva/portarias/2014/10 - Outubro/Out_Port_5359_Revoga a portaria 1024 da comissão do PPP _BTV.pdf,1
/content/ia024-projeto-rag/0-downloaded-files/2-boituva/portarias/2014/10 - Outubro/Out_Port_0001_Inclusão Servidor no NAPNE_BTV.pdf,1
/content/ia024-projeto-rag/0-downloaded-files/2-boituva/portarias/2014/04 - Abril/Abr_Port_1462_Comissão Eleitoral do Conselho de Campus_BTV.pdf,9
/content/ia024-projeto-rag/0-downloaded-files/2-boituva/portarias/2014/04 - Abril/Abr_Port_1495_Fiscalização_Fiscais para o contrato de vigilância_BTV.pdf,1
/content/ia024-projeto-rag/0-downloaded-files/2-boituva/portarias/2014/04 - Abril/Abr_Port_1414_Comite de Iniciação Cientifica_BTV.pdf,1
/content/ia024-projeto-rag/0-downloaded-files/2-boituva/portarias/2014/04 - Abril/Abr_Port_1619_Alterar a Comissão do Desfazimento de Bens_BTV.pdf,1
/content/ia024-projeto-rag/0-downloaded-files/2-boituva/portarias/2014/04 - Abril/Abr_Port_1600_Projeto Institucional_BTV.pdf,2
/content/ia024-projeto-rag/0-downloaded-files/2-boituva/portarias/2024/03 - Março/Mar_Port_0019_Designação Banca Pedagogia.pdf,2
/content/ia024-projeto-rag/0-downloaded-files/2-boituva/portarias/2024/03 - Março/Mar_Port_0026_Designar a CEIC do PPC de Administração Integrado ao Ensino Médio_BTV.pdf,3
/content/ia024-projeto-rag/0-downloaded-files/2-boituva/portarias/2024/03 - Março/Mar_Port_0018_Designação Banca Gestão.pdf,2
/content/ia024-projeto-rag/0-downloaded-files/2-boituva/portarias/2024/03 - Março/Mar_Port_0023_Alterar Equipe de Formação Continuada.pdf,2
/content/ia024-projeto-rag/0-downloaded-files/2-boituva/portarias/2024/03 - Março/Mar_Port_0025_Comissão de Acompanhamento e Fiscalização do Acordo de Cooperação - Alimentação Escolar_BTV.pdf,2
/content/ia024-projeto-rag/0-downloaded-files/2-boituva/portarias/2024/03 - Março/Mar_Port_0024_Designar CAED 23431.001078.2022-91.pdf,2
/content/ia024-projeto-rag/0-downloaded-files/2-boituva/portarias/2024/03 - Março/Mar_Port_0022_Revoga e Designa membros do NDE de Licenciatura em Pedagogia_BTV.pdf,2
/content/ia024-projeto-rag/0-downloaded-files/2-boituva/portarias/2024/03 - Março/Mar_Port_0016_ Designa CAAD Gestão_BTV.pdf,2
/content/ia024-projeto-rag/0-downloaded-files/2-boituva/portarias/2024/03 - Março/Mar_Port_0017_Fiscal de contrato de Almoxarifado Virtual.pdf,2
/content/ia024-projeto-rag/0-downloaded-files/2-boituva/portarias/2024/03 - Março/Mar_Port_0021_Revogar e Designar a CEIC do PPC do Curso Técnico em Secretaria Escolar_BTV.pdf,2
/content/ia024-projeto-rag/0-downloaded-files/2-boituva/portarias/2024/03 - Março/Mar_Port_0020_Colegiado de ADS_BTV.pdf,2
/content/ia024-projeto-rag/0-downloaded-files/2-boituva/portarias/2024/03 - Março/Mar_Port_0027_Designar NDE GPI.pdf,2
/content/ia024-projeto-rag/0-downloaded-files/2-boituva/portarias/2024/02 - Fevereiro/Fev_Port_0015_Fiscal de contrato de Impressão.pdf,2
/content/ia024-projeto-rag/0-downloaded-files/2-boituva/portarias/2024/02 - Fevereiro/Fev_Port_0010_Conceder RT para professor BTV.pdf,1
/content/ia024-projeto-rag/0-downloaded-files/2-boituva/portarias/2024/02 - Fevereiro/Fev_Port_0007_Conceder RT para professor BTV.pdf,1
/content/ia024-projeto-rag/0-downloaded-files/2-boituva/portarias/2024/02 - Fevereiro/Fev_Port_0014_Aprovar ad referendum Projeto Pedagógico do Curso Superior em Licenciatura em Pedagogia e EPT.pdf,1
/content/ia024-projeto-rag/0-downloaded-files/2-boituva/portarias/2024/02 - Fevereiro/Fev_Port_0006_Comissão Eleitoral Coordenador de Secretaria Escolar_BTV.pdf,1
/content/ia024-projeto-rag/0-downloaded-files/2-boituva/portarias/2024/02 - Fevereiro/Fev_Port_0013_ Designa CAAD Informática_BTV.pdf,2
/content/ia024-projeto-rag/0-downloaded-files/2-boituva/portarias/2024/02 - Fevereiro/Fev_Port_0012_Colegiado de GTI_BTV.pdf,2
/content/ia024-projeto-rag/0-downloaded-files/2-boituva/portarias/2024/02 - Fevereiro/Fev_Port_0005_Comissão Eleitoral Coordenador de Pedagogia EPT_BTV.pdf,1
"/content/ia024-projeto-rag/0-downloaded-files/2-boituva/portarias/2024/02 - Fevereiro/Fev_Port_0011_Designar o COMPESQ - COMITÊ DE PESQUISA, INOVAÇÃO E PÓS-GRADUAÇÃO DO CÂMPUS_BTV.pdf",2
/content/ia024-projeto-rag/0-downloaded-files/2-boituva/portarias/2024/02 - Fevereiro/Fev_Port_0008_Conceder RT para professor BTV.pdf,1
/content/ia024-projeto-rag/0-downloaded-files/2-boituva/portarias/2024/02 - Fevereiro/Fev_Port_0009_Conceder RT para professor BTV.pdf,1
/content/ia024-projeto-rag/0-downloaded-files/2-boituva/portarias/2024/05 - Maio/Mai_Port_0033_Fiscal de contrato Vigilância.pdf,2
/content/ia024-projeto-rag/0-downloaded-files/2-boituva/portarias/2024/01 - Janeiro/Jan_Port_0003_Comissão de inventário_BTV.pdf,1
/content/ia024-projeto-rag/0-downloaded-files/2-boituva/portarias/2024/01 - Janeiro/Jan_Port_0001_Comissão de Matricula 2024-1_BTV.pdf,2
/content/ia024-projeto-rag/0-downloaded-files/2-boituva/portarias/2024/01 - Janeiro/Jan_Port_0002_Fiscal de contrato Portaria.pdf,2
/content/ia024-projeto-rag/0-downloaded-files/2-boituva/portarias/2024/01 - Janeiro/Jan_Port_0004_Alterar Comissão de Matricula 2024-1_BTV.pdf,2
/content/ia024-projeto-rag/0-downloaded-files/2-boituva/portarias/2024/04 - Abril/Abr_Port_0032_ENADE ADS_BTV.pdf,2
/content/ia024-projeto-rag/0-downloaded-files/2-boituva/portarias/2024/04 - Abril/Abr_Port_0029_Aprovar ad referendum Projeto Pedagógico do Curso Superior de Tecnologia em Gestão da Produção Industrial.pdf,1
/content/ia024-projeto-rag/0-downloaded-files/2-boituva/portarias/2024/04 - Abril/Abr_Port_0031_Revogar e Designar CPA DO CAMPUS_BTV.pdf,2
/content/ia024-projeto-rag/0-downloaded-files/2-boituva/portarias/2024/04 - Abril/Abr_Port_0030_Designar Orientadores de Estágio para o ano letivo de 2024.pdf,2
/content/ia024-projeto-rag/0-downloaded-files/2-boituva/portarias/2024/04 - Abril/Abr_Port_0028_Aprovar ad referendum Projeto Pedagógico do Curso Superior de Tecnologia em Processos Gerenciais.pdf,1
/content/ia024-projeto-rag/0-downloaded-files/2-boituva/portarias/2018/09 - Setembro/Set_Port_0118_Substituição DAE por participação em evento_BTV.pdf,1
/content/ia024-projeto-rag/0-downloaded-files/2-boituva/portarias/2018/09 - Setembro/Set_Port_0122_Substituição da DAA por motivo de férias_BTV.pdf,1
/content/ia024-projeto-rag/0-downloaded-files/2-boituva/portarias/2018/09 - Setembro/Set_Port_0116_Designar o Responsavel pelo Centro de Linguas - CELIN do Campus Boituva_BTV.pdf,1
/content/ia024-projeto-rag/0-downloaded-files/2-boituva/portarias/2018/09 - Setembro/Set_Port_0102_Reavaliação e Redução ao Valor Recuperável dos Bens Móveis do IFSP - Câmpus Boituva _BTV.pdf,2
/content/ia024-projeto-rag/0-downloaded-files/2-boituva/portarias/2018/09 - Setembro/Set_Port_0117_Substituição DAA por participação em evento_BTV.pdf,1
/content/ia024-projeto-rag/0-downloaded-files/2-boituva/portarias/2018/09 - Setembro/Set_Port_0111_Substituição CSP por motivo de férias_BTV.pdf,1
/content/ia024-projeto-rag/0-downloaded-files/2-boituva/portarias/2018/09 - Setembro/Set_Port_0107_Comissão Festa da Primavera_BTV.pdf,1
/content/ia024-projeto-rag/0-downloaded-files/2-boituva/portarias/2018/09 - Setembro/Set_Port_0108_Substituição CSP por motivo de licença_BTV.pdf,1
/content/ia024-projeto-rag/0-downloaded-files/2-boituva/portarias/2018/09 - Setembro/Set_Port_0113_Conceder RT para professores_BTV.pdf,1
/content/ia024-projeto-rag/0-downloaded-files/2-boituva/portarias/2018/09 - Setembro/Set_Port_0123_Revoga a portaria BTV.0121-2018_BTV.pdf,1
/content/ia024-projeto-rag/0-downloaded-files/2-boituva/portarias/2018/09 - Setembro/Set_Port_0112_Substituição CLT por folga por serviço eleitoral_BTV.pdf,1
/content/ia024-projeto-rag/0-downloaded-files/2-boituva/portarias/2018/09 - Setembro/Set_Port_0120_Comissão Verificadora de Aproveitamento de Estudos GPI_BTV.pdf,2
/content/ia024-projeto-rag/0-downloaded-files/2-boituva/portarias/2018/09 - Setembro/Set_Port_0109_Altera membro da subcomissão 30horas_BTV.pdf,2
/content/ia024-projeto-rag/0-downloaded-files/2-boituva/portarias/2018/09 - Setembro/Set_Port_0103_Revoga e designa servidores NAPNE_BTV.pdf,2
/content/ia024-projeto-rag/0-downloaded-files/2-boituva/portarias/2018/09 - Setembro/Set_Port_0101_Substituição CLT por motivo de férias_BTV.pdf,1
/content/ia024-projeto-rag/0-downloaded-files/2-boituva/portarias/2018/09 - Setembro/Set_Port_0121_Nomeação de secretário ad hoc Concam_BTV.pdf,1
/content/ia024-projeto-rag/0-downloaded-files/2-boituva/portarias/2018/09 - Setembro/Set_Port_0105_Alterar em partes a portaria CAAD pedagogia_BTV.pdf,1
/content/ia024-projeto-rag/0-downloaded-files/2-boituva/portarias/2018/09 - Setembro/Set_Port_0125_Substituição da CTI por motivo de férias_BTV.pdf,1
/content/ia024-projeto-rag/0-downloaded-files/2-boituva/portarias/2018/09 - Setembro/Set_Port_0115_Orientador de Estágio Curso GPI_BTV.pdf,1
/content/ia024-projeto-rag/0-downloaded-files/2-boituva/portarias/2018/09 - Setembro/Set_Port_0110_Substituição CSP por motivo de licença_BTV.pdf,1
/content/ia024-projeto-rag/0-downloaded-files/2-boituva/portarias/2018/09 - Setembro/Set_Port_0114_Comissão Eleitoral Recomposição Colegiado GPI_BTV.pdf,1
/content/ia024-projeto-rag/0-downloaded-files/2-boituva/portarias/2018/09 - Setembro/Set_Port_0119_Substituição da CBI por motivo de férias_BTV.pdf,1
/content/ia024-projeto-rag/0-downloaded-files/2-boituva/portarias/2018/09 - Setembro/Set_Port_0104_Alterar em partes a portaria Comissão de Formação Continuada_BTV.pdf,2
/content/ia024-projeto-rag/0-downloaded-files/2-boituva/portarias/2018/09 - Setembro/Set_Port_0124_Substituição da CTI por motivo de férias_BTV.pdf,1
/content/ia024-projeto-rag/0-downloaded-files/2-boituva/portarias/2018/09 - Setembro/Set_Port_0106_Conceder RT para professores_BTV.pdf,1
/content/ia024-projeto-rag/0-downloaded-files/2-boituva/portarias/2018/12 - Dezembro/Dez_Port_0161_Substituição da CDI por motivo de férias_BTV.pdf,1
/content/ia024-projeto-rag/0-downloaded-files/2-boituva/portarias/2018/12 - Dezembro/Dez_Port_0159_Designa Comissão Cursos de Extensão janeiro-2019_BTV.pdf,1
/content/ia024-projeto-rag/0-downloaded-files/2-boituva/portarias/2018/12 - Dezembro/Dez_Port_0166_Substituição da CPI por motivo de férias_BTV.pdf,1
/content/ia024-projeto-rag/0-downloaded-files/2-boituva/portarias/2018/12 - Dezembro/Dez_Port_0155_Designar Comissão Eleitoral Local Conselho Superior_BTV.pdf,1
/content/ia024-projeto-rag/0-downloaded-files/2-boituva/portarias/2018/12 - Dezembro/Dez_Port_0158_designa membro da subcomissão 30horas_BTV.pdf,1
/content/ia024-projeto-rag/0-downloaded-files/2-boituva/portarias/2018/12 - Dezembro/Dez_Port_0157_Designa servidores para contratação redes de computadores_BTV.pdf,1
/content/ia024-projeto-rag/0-downloaded-files/2-boituva/portarias/2018/12 - Dezembro/Dez_Port_0163_Substituição da CEX por motivo de férias_BTV.pdf,1
/content/ia024-projeto-rag/0-downloaded-files/2-boituva/portarias/2018/12 - Dezembro/Dez_Port_0156_Designa servidores para contratação letras_portugues_ingles_BTV.pdf,1
/content/ia024-projeto-rag/0-downloaded-files/2-boituva/portarias/2018/12 - Dezembro/Dez_Port_0164_Substituição da CRA por motivo de férias_BTV.pdf,1
/content/ia024-projeto-rag/0-downloaded-files/2-boituva/portarias/2018/12 - Dezembro/Dez_Port_0160_Substituição da CAP por motivo de férias_BTV.pdf,1
/content/ia024-projeto-rag/0-downloaded-files/2-boituva/portarias/2018/12 - Dezembro/Dez_Port_0165_Substituição da DRG por motivo de férias_BTV.pdf,1
/content/ia024-projeto-rag/0-downloaded-files/2-boituva/portarias/2018/12 - Dezembro/Dez_Port_0167_Substituição da DAE por motivo de férias_BTV.pdf,1
/content/ia024-projeto-rag/0-downloaded-files/2-boituva/portarias/2018/12 - Dezembro/Dez_Port_0162_Constitui a Comissão Local Concurso Publico do IFSP Docentes_BTV.pdf,1
/content/ia024-projeto-rag/0-downloaded-files/2-boituva/portarias/2018/11 - Novembro/Nov_Port_0150_Substituição da CGP por motivo de férias_BTV.pdf,1
/content/ia024-projeto-rag/0-downloaded-files/2-boituva/portarias/2018/11 - Novembro/Nov_Port_0152_Substituição da CEX por motivo de participação em evento_BTV.pdf,1
/content/ia024-projeto-rag/0-downloaded-files/2-boituva/portarias/2018/11 - Novembro/Nov_Port_0148_Designa servidores para contratação interprete de libras_BTV.pdf,1
/content/ia024-projeto-rag/0-downloaded-files/2-boituva/portarias/2018/11 - Novembro/Nov_Port_0149_Comissão Eleitoral Coordenação Gestão da Produção Industrial_BTV.pdf,1
/content/ia024-projeto-rag/0-downloaded-files/2-boituva/portarias/2018/11 - Novembro/Nov_Port_0145_Retificação Reavaliação e Redução ao Valor Recuperável dos Bens Móveis do IFSP - Câmpus Boituva _BTV.pdf,2
/content/ia024-projeto-rag/0-downloaded-files/2-boituva/portarias/2018/11 - Novembro/Nov_Port_0147_Substituição da DRG por motivo de reunião formação de professores em REDE na CAPES_BTV.pdf,1
/content/ia024-projeto-rag/0-downloaded-files/2-boituva/portarias/2018/11 - Novembro/Nov_Port_0153_Substituição da CBI por motivo de férias_BTV.pdf,1
/content/ia024-projeto-rag/0-downloaded-files/2-boituva/portarias/2018/11 - Novembro/Nov_Port_0154_Comissão Eleitoral Recomposição Colegiado Pedagogia_BTV.pdf,1
/content/ia024-projeto-rag/0-downloaded-files/2-boituva/portarias/2018/11 - Novembro/Nov_Port_0151_Altera membro da Comissão organizadora do Torneio E-Sports_BTV.pdf,1
/content/ia024-projeto-rag/0-downloaded-files/2-boituva/portarias/2018/11 - Novembro/Nov_Port_0146_Designar Coordenador do Curso Licenciatura em Pedagogia EPT_BTV.pdf,1
/content/ia024-projeto-rag/0-downloaded-files/2-boituva/portarias/2018/11 - Novembro/Nov_Port_0144_Comissão Processo Seletivo Pós GTI - 2018_BTV.pdf,1
/content/ia024-projeto-rag/0-downloaded-files/2-boituva/portarias/2018/03 - Março/Mar_Port_0014_Comissão de elaboração do curso de especialização em formação de professores em educação bilingue para surdos_BTV.pdf,1
/content/ia024-projeto-rag/0-downloaded-files/2-boituva/portarias/2018/03 - Março/Mar_Port_0028_Comissão de Elaboração e Implementação do PPC Gestão da Produção Industrial_BTV.pdf,1
/content/ia024-projeto-rag/0-downloaded-files/2-boituva/portarias/2018/03 - Março/Mar_Port_0018_Substituição CPI por motivo de Licença Paternidade_BTV.pdf,1
/content/ia024-projeto-rag/0-downloaded-files/2-boituva/portarias/2018/03 - Março/Mar_Port_0016_Substituição CCF por motivo de Férias_BTV.pdf,1
/content/ia024-projeto-rag/0-downloaded-files/2-boituva/portarias/2018/03 - Março/Mar_Port_0019_Revoga a portaria BTV.0129-2017_BTV.pdf,1
/content/ia024-projeto-rag/0-downloaded-files/2-boituva/portarias/2018/03 - Março/Mar_Port_0030_Revoga portarias BTV.0012-2018 e designa Comissão para Seleção Projetos de Ensino_BTV.pdf,1
/content/ia024-projeto-rag/0-downloaded-files/2-boituva/portarias/2018/03 - Março/Mar_Port_0015_Substituição DAA por motivo de Férias_BTV.pdf,1
/content/ia024-projeto-rag/0-downloaded-files/2-boituva/portarias/2018/03 - Março/Mar_Port_0024_Revoga portarias BTV.0020-2016 e BTV.0079-2016 e designa membros NDE_BTV.pdf,1
/content/ia024-projeto-rag/0-downloaded-files/2-boituva/portarias/2018/03 - Março/Mar_Port_0022_Orientação de atividades complementares TADS_BTV.pdf,1
"/content/ia024-projeto-rag/0-downloaded-files/2-boituva/portarias/2018/03 - Março/Mar_Port_0031_Revorgar e Designar servidores para Comitê de Pesquisa, Inovação e Pós-Graduação (COMPESQ).pdf",2
/content/ia024-projeto-rag/0-downloaded-files/2-boituva/portarias/2018/03 - Março/Mar_Port_0023_Orientação de estagio TADS_BTV.pdf,1
/content/ia024-projeto-rag/0-downloaded-files/2-boituva/portarias/2018/03 - Março/Mar_Port_0027_Designar Comissão organizadora do Torneio E-Sports_BTV.pdf,1
/content/ia024-projeto-rag/0-downloaded-files/2-boituva/portarias/2018/03 - Março/Mar_Port_0025_Alterar em partes a portaria Colegiado TADS_BTV.pdf,1
/content/ia024-projeto-rag/0-downloaded-files/2-boituva/portarias/2018/03 - Março/Mar_Port_0021_Designar servidor comissão de seleção de projetos de ensino do Campus Votuporanga_BTV.pdf,1
/content/ia024-projeto-rag/0-downloaded-files/2-boituva/portarias/2018/03 - Março/Mar_Port_0017_Comissão de Elaboração e Implementação do PPC Automação Integrado_BTV.pdf,2
/content/ia024-projeto-rag/0-downloaded-files/2-boituva/portarias/2018/03 - Março/Mar_Port_0029_Comissão de Elaboração e Implementação do PPC Análise e Desenvolvimento de Sistemas_BTV.pdf,1
/content/ia024-projeto-rag/0-downloaded-files/2-boituva/portarias/2018/03 - Março/Mar_Port_0020_Comissão Verificadora de Aproveitamento de Estudos_BTV.pdf,2
/content/ia024-projeto-rag/0-downloaded-files/2-boituva/portarias/2018/03 - Março/Mar_Port_0026_Designar servidor como representante da REDESFITO_BTV.pdf,1
/content/ia024-projeto-rag/0-downloaded-files/2-boituva/portarias/2018/02 - Fevereiro/Fev_Port_0007_Alterar em partes a portaria CAAD Gestão_BTV.pdf,1
/content/ia024-projeto-rag/0-downloaded-files/2-boituva/portarias/2018/02 - Fevereiro/Fev_Port_0008_Fiscal de Contrato Cantina_BTV.pdf,1
/content/ia024-projeto-rag/0-downloaded-files/2-boituva/portarias/2018/02 - Fevereiro/Fev_Port_0013_Substituição CRA por motivo de Férias_BTV.pdf,1
/content/ia024-projeto-rag/0-downloaded-files/2-boituva/portarias/2018/02 - Fevereiro/Fev_Port_0012_Designar servidor comissão de seleção de projetos de ensino_BTV.pdf,1
/content/ia024-projeto-rag/0-downloaded-files/2-boituva/portarias/2018/02 - Fevereiro/Fev_Port_0010_Substituição CLT por motivo de Férias_BTV.pdf,1
/content/ia024-projeto-rag/0-downloaded-files/2-boituva/portarias/2018/02 - Fevereiro/Fev_Port_0009_Substituição CAP por motivo de Férias_BTV.pdf,1
/content/ia024-projeto-rag/0-downloaded-files/2-boituva/portarias/2018/02 - Fevereiro/Fev_Port_0011_Retificação Substituição CCF por motivo de Férias_BTV.pdf,1
/content/ia024-projeto-rag/0-downloaded-files/2-boituva/portarias/2018/05 - Maio/Mai_Port_0050_Substituição CLT por motivo de Férias_BTV.pdf,1
/content/ia024-projeto-rag/0-downloaded-files/2-boituva/portarias/2018/05 - Maio/Mai_Port_0047_Substituição férias - CTI_BTV.pdf,1
/content/ia024-projeto-rag/0-downloaded-files/2-boituva/portarias/2018/05 - Maio/Mai_Port_0043_Fiscal de contrato acesso internet_BTV.pdf,1
/content/ia024-projeto-rag/0-downloaded-files/2-boituva/portarias/2018/05 - Maio/Mai_Port_0049_Substituição CBI por motivo de férias_BTV.pdf,1
/content/ia024-projeto-rag/0-downloaded-files/2-boituva/portarias/2018/05 - Maio/Mai_Port_0042_Revoga BTV.0100_2015 e BTV.0120_2017 e designa CAAD Indústria_BTV.pdf,1
/content/ia024-projeto-rag/0-downloaded-files/2-boituva/portarias/2018/05 - Maio/Mai_Port_0048_Aprova o projeto institucional de extensão Divulga IFSP_BTV.pdf,1
/content/ia024-projeto-rag/0-downloaded-files/2-boituva/portarias/2018/05 - Maio/Mai_Port_0044_Comissão de Empreendedorismo e Coworking do Câmpus Boituva_BTV.pdf,2
/content/ia024-projeto-rag/0-downloaded-files/2-boituva/portarias/2018/05 - Maio/Mai_Port_0046_Substituição no COLDIR  e viagem a Brasilia - DRG_BTV.pdf,1
/content/ia024-projeto-rag/0-downloaded-files/2-boituva/portarias/2018/05 - Maio/Mai_Port_0045_Substituição DRG por motivo de Férias_BTV.pdf,1
/content/ia024-projeto-rag/0-downloaded-files/2-boituva/portarias/2018/05 - Maio/Mai_Port_0051_Designar membros Equipe Formação Continuada_BTV.pdf,2
/content/ia024-projeto-rag/0-downloaded-files/2-boituva/portarias/2018/05 - Maio/Mai_Port_0052_Revoga e Designa Comissão Cursos de Extensão_BTV.pdf,1
/content/ia024-projeto-rag/0-downloaded-files/2-boituva/portarias/2018/08 - Agosto/Ago_Port_0092_Substituição CAE por motivo de férias_BTV.pdf,1
/content/ia024-projeto-rag/0-downloaded-files/2-boituva/portarias/2018/08 - Agosto/Ago_Port_0093_Nomeação de secretário ad hoc Reitoria_BTV.pdf,1
/content/ia024-projeto-rag/0-downloaded-files/2-boituva/portarias/2018/08 - Agosto/Ago_Port_0090_Substituição DAE por motivo de férias_BTV.pdf,1
"/content/ia024-projeto-rag/0-downloaded-files/2-boituva/portarias/2018/08 - Agosto/Ago_Port_0091_Comissão Central do 9º CONICT - Congresso de Inovação, Ciência e Tecnologia_BTV.pdf",2
/content/ia024-projeto-rag/0-downloaded-files/2-boituva/portarias/2018/08 - Agosto/Ago_Port_0087_Nomeação de secretário ad hoc SBV_BTV.pdf,1
/content/ia024-projeto-rag/0-downloaded-files/2-boituva/portarias/2018/08 - Agosto/Ago_Port_0088_Comissão Eleitoral Coordenação REDES_BTV.pdf,1
/content/ia024-projeto-rag/0-downloaded-files/2-boituva/portarias/2018/08 - Agosto/Ago_Port_0089_Retificação Periodo de Substituição CCF por motivo de Férias_BTV.pdf,1
/content/ia024-projeto-rag/0-downloaded-files/2-boituva/portarias/2018/08 - Agosto/Ago_Port_0094_Substituição CAP por motivo de férias_BTV.pdf,1
/content/ia024-projeto-rag/0-downloaded-files/2-boituva/portarias/2018/08 - Agosto/Ago_Port_0098_Comissão de Organização da Semana de Pedagoa e Praticas Pedagogicas do Campus Boituva_BTV.pdf,1
/content/ia024-projeto-rag/0-downloaded-files/2-boituva/portarias/2018/08 - Agosto/Ago_Port_0097_Retifica a Portaria que Designa Comissão Cientifica _BTV.pdf,2
/content/ia024-projeto-rag/0-downloaded-files/2-boituva/portarias/2018/08 - Agosto/Ago_Port_0099_Comissão Eleitoral Coordenação Logistica_BTV.pdf,1
/content/ia024-projeto-rag/0-downloaded-files/2-boituva/portarias/2018/08 - Agosto/Ago_Port_0096_Comissão Própria de Avaliação-CPA do Campus Boituva_BTV.pdf,1
/content/ia024-projeto-rag/0-downloaded-files/2-boituva/portarias/2018/08 - Agosto/Ago_Port_0095_Comissão de Elaboração e Implementação do PPC Técnico em Secretaria Escolar_BTV.pdf,1
/content/ia024-projeto-rag/0-downloaded-files/2-boituva/portarias/2018/08 - Agosto/Ago_Port_0100_Substituição por capacitação DRG_BTV.pdf,1
/content/ia024-projeto-rag/0-downloaded-files/2-boituva/portarias/2018/10 - Outubro/Out_Port_0130_Substituição da CAP por motivo de férias_BTV.pdf,1
/content/ia024-projeto-rag/0-downloaded-files/2-boituva/portarias/2018/10 - Outubro/Out_Port_0142_Substituição da DRG por motivo de participação no REDIR-COLDIR e reunião EaD Pedagogia_BTV.pdf,1
/content/ia024-projeto-rag/0-downloaded-files/2-boituva/portarias/2018/10 - Outubro/Out_Port_0143_Comissão de Membros Auxiliares do Processo Seletivo do Campus Boituva_BTV.pdf,1
/content/ia024-projeto-rag/0-downloaded-files/2-boituva/portarias/2018/10 - Outubro/Out_Port_0126_Comissão Eleitoral Coordenação Pedagogia_BTV.pdf,1
/content/ia024-projeto-rag/0-downloaded-files/2-boituva/portarias/2018/10 - Outubro/Out_Port_0129_Substituição da DRG por motivo de férias_BTV.pdf,1
/content/ia024-projeto-rag/0-downloaded-files/2-boituva/portarias/2018/10 - Outubro/Out_Port_0141_Comissão de Matricula para primeiro semestre de 2019 do Campus Boituva_BTV.pdf,1
/content/ia024-projeto-rag/0-downloaded-files/2-boituva/portarias/2018/10 - Outubro/Out_Port_0136_Orientador de Estágio Curso Pedagogia_BTV.pdf,1
/content/ia024-projeto-rag/0-downloaded-files/2-boituva/portarias/2018/10 - Outubro/Out_Port_0135_Revoga e designa servidores Comissão de Permanencia e Exito_BTV.pdf,2
/content/ia024-projeto-rag/0-downloaded-files/2-boituva/portarias/2018/10 - Outubro/Out_Port_0140_Comissão de Inventario 2018_BTV.pdf,2
/content/ia024-projeto-rag/0-downloaded-files/2-boituva/portarias/2018/10 - Outubro/Out_Port_0139_Revoga BTV.0099_2015-BTV.0053_2016-BTV.0133_2016 e BTV.0024_2017 e designa CAAD Informática_BTV.pdf,2
/content/ia024-projeto-rag/0-downloaded-files/2-boituva/portarias/2018/10 - Outubro/Out_Port_0137_Fiscal de contrato eventos academicos_BTV.pdf,1
/content/ia024-projeto-rag/0-downloaded-files/2-boituva/portarias/2018/10 - Outubro/Out_Port_0133_Alterar em partes a portaria Substituição de férias DRG_BTV.pdf,1
/content/ia024-projeto-rag/0-downloaded-files/2-boituva/portarias/2018/10 - Outubro/Out_Port_0131_Substituição da CBI por motivo de licença_BTV.pdf,1
/content/ia024-projeto-rag/0-downloaded-files/2-boituva/portarias/2018/10 - Outubro/Out_Port_0127_Alterar em partes a portaria CAAD nucleo comum_BTV.pdf,1
/content/ia024-projeto-rag/0-downloaded-files/2-boituva/portarias/2018/10 - Outubro/Out_Port_0128_Conceder RT para professores_BTV.pdf,1
/content/ia024-projeto-rag/0-downloaded-files/2-boituva/portarias/2018/10 - Outubro/Out_Port_0132_Comissão Eleitoral Coordenação Secretaria Escolar_BTV.pdf,1
/content/ia024-projeto-rag/0-downloaded-files/2-boituva/portarias/2018/10 - Outubro/Out_Port_0138_Fiscal de contrato limpeza_BTV.pdf,1
/content/ia024-projeto-rag/0-downloaded-files/2-boituva/portarias/2018/10 - Outubro/Out_Port_0134_Substituição da DRG por motivo de participação no COLDIR e aula inaugural EaD Pedagogia_BTV.pdf,1
/content/ia024-projeto-rag/0-downloaded-files/2-boituva/portarias/2018/01 - Janeiro/Jan_Port_0003_Constitui a Equipe de Planejamento da Contratação_BTV.pdf,1
/content/ia024-projeto-rag/0-downloaded-files/2-boituva/portarias/2018/01 - Janeiro/Jan_Port_0006_Designa fiscal contrato para aquisição de água mineral _BTV.pdf,1
/content/ia024-projeto-rag/0-downloaded-files/2-boituva/portarias/2018/01 - Janeiro/Jan_Port_0005_Substituição CCF por motivo de Férias_BTV.pdf,1
/content/ia024-projeto-rag/0-downloaded-files/2-boituva/portarias/2018/01 - Janeiro/Jan_Port_0004_Substituição CGP por motivo de Férias_BTV.pdf,1
/content/ia024-projeto-rag/0-downloaded-files/2-boituva/portarias/2018/01 - Janeiro/Jan_Port_0002_Designa fiscal contrato instalação de material de sinalização visial e tatil _BTV.pdf,1
/content/ia024-projeto-rag/0-downloaded-files/2-boituva/portarias/2018/01 - Janeiro/Jan_Port_0001_Substituição CSP por motivo de Férias_BTV.pdf,1
/content/ia024-projeto-rag/0-downloaded-files/2-boituva/portarias/2018/06 - Junho/Jun_Port_0053_Comissão Festa Junina_BTV.pdf,1
/content/ia024-projeto-rag/0-downloaded-files/2-boituva/portarias/2018/06 - Junho/Jun_Port_0070_Substituição por capacitação DRG_BTV.pdf,1
/content/ia024-projeto-rag/0-downloaded-files/2-boituva/portarias/2018/06 - Junho/Jun_Port_0073_Comissão Eleitoral Coordenação TADS_BTV.pdf,1
/content/ia024-projeto-rag/0-downloaded-files/2-boituva/portarias/2018/06 - Junho/Jun_Port_0062_Designa servidores para banca de substituto área automação industrial_BTV.pdf,1
/content/ia024-projeto-rag/0-downloaded-files/2-boituva/portarias/2018/06 - Junho/Jun_Port_0066_Comissão Eleitoral Coordenação TADS_BTV.pdf,1
/content/ia024-projeto-rag/0-downloaded-files/2-boituva/portarias/2018/06 - Junho/Jun_Port_0067_Substituição CDI por motivo de férias_BTV.pdf,1
/content/ia024-projeto-rag/0-downloaded-files/2-boituva/portarias/2018/06 - Junho/Jun_Port_0055_Designa Comissão Cientifica _BTV.pdf,1
/content/ia024-projeto-rag/0-downloaded-files/2-boituva/portarias/2018/06 - Junho/Jun_Port_0061_Fiscal de contrato recepcionista_BTV.pdf,1
/content/ia024-projeto-rag/0-downloaded-files/2-boituva/portarias/2018/06 - Junho/Jun_Port_0056_Substituição no COLDIR  e CBEU - DRG_BTV.pdf,1
/content/ia024-projeto-rag/0-downloaded-files/2-boituva/portarias/2018/06 - Junho/Jun_Port_0063_Designa servidores para banca de substituto área letras portugues-ingles_BTV.pdf,1
/content/ia024-projeto-rag/0-downloaded-files/2-boituva/portarias/2018/06 - Junho/Jun_Port_0058_Substituição CGP por motivo de férias_BTV.pdf,1
/content/ia024-projeto-rag/0-downloaded-files/2-boituva/portarias/2018/06 - Junho/Jun_Port_0068_Designa comissão matriculas processo seletivo para segundo semestre_BTV.pdf,2
/content/ia024-projeto-rag/0-downloaded-files/2-boituva/portarias/2018/06 - Junho/Jun_Port_0060_Substituição CAE por motivo de férias_BTV.pdf,1
/content/ia024-projeto-rag/0-downloaded-files/2-boituva/portarias/2018/06 - Junho/Jun_Port_0065_Designa servidores para banca de substituto área educação fisica_BTV.pdf,1
/content/ia024-projeto-rag/0-downloaded-files/2-boituva/portarias/2018/06 - Junho/Jun_Port_0064_Designa servidores para banca de substituto área educação_BTV.pdf,1
/content/ia024-projeto-rag/0-downloaded-files/2-boituva/portarias/2018/06 - Junho/Jun_Port_0069_Substituição por capacitação DRG_BTV.pdf,1
/content/ia024-projeto-rag/0-downloaded-files/2-boituva/portarias/2018/06 - Junho/Jun_Port_0057_Comissão Jogos Escolares Primeiro semestre_BTV.pdf,1
/content/ia024-projeto-rag/0-downloaded-files/2-boituva/portarias/2018/06 - Junho/Jun_Port_0074_Aprova o projeto institucional de extensão Robotica Prefeitura Boituva_BTV.pdf,1
/content/ia024-projeto-rag/0-downloaded-files/2-boituva/portarias/2018/06 - Junho/Jun_Port_0072_Revoga a portaria BTV.0066-2018_BTV.pdf,1
/content/ia024-projeto-rag/0-downloaded-files/2-boituva/portarias/2018/06 - Junho/Jun_Port_0071_Substituição por capacitação DRG_BTV.pdf,1
/content/ia024-projeto-rag/0-downloaded-files/2-boituva/portarias/2018/06 - Junho/Jun_Port_0059_Designa Comissão IV Feira de Recrutamento_BTV.pdf,1
/content/ia024-projeto-rag/0-downloaded-files/2-boituva/portarias/2018/04 - Abril/Abr_Port_0035_Revogar Portaria e Designar servidor comissão de seleção de projetos de extensão_BTV.pdf,1
/content/ia024-projeto-rag/0-downloaded-files/2-boituva/portarias/2018/04 - Abril/Abr_Port_0036_Designa CAAD Núcleo Comum_BTV.pdf,1
/content/ia024-projeto-rag/0-downloaded-files/2-boituva/portarias/2018/04 - Abril/Abr_Port_0032_Comissão Eleitoral CONCAM_BTV.pdf,1
/content/ia024-projeto-rag/0-downloaded-files/2-boituva/portarias/2018/04 - Abril/Abr_Port_0041_Constitui a Comissão Local Concurso Publico do IFSP_BTV.pdf,1
/content/ia024-projeto-rag/0-downloaded-files/2-boituva/portarias/2018/04 - Abril/Abr_Port_0038_Fiscal de contrato portaria_BTV.pdf,1
/content/ia024-projeto-rag/0-downloaded-files/2-boituva/portarias/2018/04 - Abril/Abr_Port_0040_CAAD de Pedagogia_BTV.pdf,1
/content/ia024-projeto-rag/0-downloaded-files/2-boituva/portarias/2018/04 - Abril/Abr_Port_0039_Substituição no REDIR - COLDIR - CONSUP e viagem a Brasilia - DRG_BTV.pdf,1
/content/ia024-projeto-rag/0-downloaded-files/2-boituva/portarias/2018/04 - Abril/Abr_Port_0034_Substituição CCTL por motivo de Licença Gala_BTV.pdf,1
/content/ia024-projeto-rag/0-downloaded-files/2-boituva/portarias/2018/04 - Abril/Abr_Port_0033_Altera membros do NDE de Pedagogia_BTV.pdf,1
/content/ia024-projeto-rag/0-downloaded-files/2-boituva/portarias/2018/04 - Abril/Abr_Port_0037_Designar servidores para Comissão Especial de Compras e Acompanhamento das Ações de Alimentação Escolar_BTV.pdf,1
/content/ia024-projeto-rag/0-downloaded-files/2-boituva/portarias/2018/07 - Julho/Jul_Port_0081_Substituição DAE por motivo de férias_BTV.pdf,1
/content/ia024-projeto-rag/0-downloaded-files/2-boituva/portarias/2018/07 - Julho/Jul_Port_0084_Substituição DAA por motivo de Férias_BTV.pdf,1
/content/ia024-projeto-rag/0-downloaded-files/2-boituva/portarias/2018/07 - Julho/Jul_Port_0086_Substituição CRA por motivo de férias_BTV.pdf,1
/content/ia024-projeto-rag/0-downloaded-files/2-boituva/portarias/2018/07 - Julho/Jul_Port_0083_Nomeação de Comissão de Equipe de Apoio de Pregão_BTV.pdf,1
/content/ia024-projeto-rag/0-downloaded-files/2-boituva/portarias/2018/07 - Julho/Jul_Port_0076_Orientador de Estágio Curso Técnico em Logistica_BTV.pdf,1
/content/ia024-projeto-rag/0-downloaded-files/2-boituva/portarias/2018/07 - Julho/Jul_Port_0079_Substituição CPI por motivo de férias_BTV.pdf,1
/content/ia024-projeto-rag/0-downloaded-files/2-boituva/portarias/2018/07 - Julho/Jul_Port_0077_Substituição CSP por motivo de férias_BTV.pdf,1
/content/ia024-projeto-rag/0-downloaded-files/2-boituva/portarias/2018/07 - Julho/Jul_Port_0082_Retificar portaria que Designa servidores para PPC Logistica_BTV.pdf,2
/content/ia024-projeto-rag/0-downloaded-files/2-boituva/portarias/2018/07 - Julho/Jul_Port_0078_Substituição CEX por motivo de férias_BTV.pdf,1
/content/ia024-projeto-rag/0-downloaded-files/2-boituva/portarias/2018/07 - Julho/Jul_Port_0080_designa membro da subcomissão 30horas_BTV.pdf,1
/content/ia024-projeto-rag/0-downloaded-files/2-boituva/portarias/2018/07 - Julho/Jul_Port_0085_Aprova o projeto institucional de extensão Ambientação e divulgação do Moodle_BTV.pdf,1
/content/ia024-projeto-rag/0-downloaded-files/2-boituva/portarias/2018/07 - Julho/Jul_Port_0075_Substituição CCF por motivo de férias_BTV.pdf,1
/content/ia024-projeto-rag/0-downloaded-files/2-boituva/portarias/2023/09 - Setembro/Set_Port_0061_Colegiado de ADS_BTV.pdf,2
/content/ia024-projeto-rag/0-downloaded-files/2-boituva/portarias/2023/09 - Setembro/Set_Port_0059_Fiscal de contrato recepcionista_BTV.pdf,2
/content/ia024-projeto-rag/0-downloaded-files/2-boituva/portarias/2023/09 - Setembro/Set_Port_0055_Comissão de Desfazimento - BTV.pdf,2
/content/ia024-projeto-rag/0-downloaded-files/2-boituva/portarias/2023/09 - Setembro/Set_Port_0057_Comissão Eleitoral Recomposição Colegiado ADS_BTV.pdf,1
/content/ia024-projeto-rag/0-downloaded-files/2-boituva/portarias/2023/09 - Setembro/Set_Port_0058_Fiscal de contrato Seguro Acidentes Pessoais para Estagiários.pdf,2
/content/ia024-projeto-rag/0-downloaded-files/2-boituva/portarias/2023/09 - Setembro/Set_Port_0063_Designar Comissão do Processo Seletivo do Curso de Pós-graduação Lato Sensu em GTI.pdf,2
/content/ia024-projeto-rag/0-downloaded-files/2-boituva/portarias/2023/09 - Setembro/Set_Port_0056_Fiscal de Contrato Seguro Patrimonial.pdf,2
/content/ia024-projeto-rag/0-downloaded-files/2-boituva/portarias/2023/09 - Setembro/Set_Port_0064_Designar Comissão de Elaboração do PPC do Curso de Pós-graduação Lato Sensu em Inteligência Artificial e Aprendizado de Máquina..pdf,2
/content/ia024-projeto-rag/0-downloaded-files/2-boituva/portarias/2023/09 - Setembro/Set_Port_0060_ Designa CAAD Informática_BTV.pdf,2
/content/ia024-projeto-rag/0-downloaded-files/2-boituva/portarias/2023/09 - Setembro/Set_Port_0062_Designar NDE Tecnólogo em Processos Gerenciais.pdf,2
/content/ia024-projeto-rag/0-downloaded-files/2-boituva/portarias/2023/12 - Dezembro/Dez_Port_0080_Comissão Eleitoral Coordenador de Pedagogia EPT_BTV.pdf,1
/content/ia024-projeto-rag/0-downloaded-files/2-boituva/portarias/2023/12 - Dezembro/Dez_Port_0078_Altera Colegiado de Engenharia de Produção_BTV.pdf,2
/content/ia024-projeto-rag/0-downloaded-files/2-boituva/portarias/2023/12 - Dezembro/Dez_Port_0079_Comissão Eleitoral Coordenador de Secretaria Escolar_BTV.pdf,1
/content/ia024-projeto-rag/0-downloaded-files/2-boituva/portarias/2023/12 - Dezembro/Dez_Port_0081_Aprovar ad referendum Calendário 2024.pdf,1
/content/ia024-projeto-rag/0-downloaded-files/2-boituva/portarias/2023/12 - Dezembro/Dez_Port_0083_Designar Coordenador do Curso de Licenciatura em Pedagogia EPT até março_2024.pdf,1
/content/ia024-projeto-rag/0-downloaded-files/2-boituva/portarias/2023/12 - Dezembro/Dez_Port_0076_Altera e Revoga Portaria e Designa membros do NDE de Engenharia de Produção_BTV.pdf,2
/content/ia024-projeto-rag/0-downloaded-files/2-boituva/portarias/2023/12 - Dezembro/Dez_Port_0082_Altera e Revoga Portaria e Designa membros do NDE de Engenharia de Produção_BTV.pdf,2
/content/ia024-projeto-rag/0-downloaded-files/2-boituva/portarias/2023/12 - Dezembro/Dez_Port_0077_ Designa CAAD Industria_BTV.pdf,2
/content/ia024-projeto-rag/0-downloaded-files/2-boituva/portarias/2023/11 - Novembro/Nov_Port_0074_Designação Banca Biologia.pdf,2
/content/ia024-projeto-rag/0-downloaded-files/2-boituva/portarias/2023/11 - Novembro/Nov_Port_0073_Designação Banca Educação Física.pdf,2
/content/ia024-projeto-rag/0-downloaded-files/2-boituva/portarias/2023/11 - Novembro/Nov_Port_0072_Aprovar ad referendum Sábados Letivos.pdf,1
/content/ia024-projeto-rag/0-downloaded-files/2-boituva/portarias/2023/11 - Novembro/Nov_Port_0075_Equipe de Formação Continuada.pdf,2
/content/ia024-projeto-rag/0-downloaded-files/2-boituva/portarias/2023/03 - Março/Mar_Port_0009_Ceder servidora EMBRAPII_BTV.pdf,1
/content/ia024-projeto-rag/0-downloaded-files/2-boituva/portarias/2023/03 - Março/Mar_Port_0010_Designa CAAD Nucleo Comum_BTV.pdf,2
/content/ia024-projeto-rag/0-downloaded-files/2-boituva/portarias/2023/03 - Março/Mar_Port_0011_Comissão Local para revisão do PPP do Câmpus Boituva do IFSP_BTV.pdf,2
/content/ia024-projeto-rag/0-downloaded-files/2-boituva/portarias/2023/02 - Fevereiro/Fev_Port_002_2023_Conceder RT para professor BTV.pdf,1
/content/ia024-projeto-rag/0-downloaded-files/2-boituva/portarias/2023/02 - Fevereiro/Fev_Port_0006_Fiscal de contrato Limpeza.pdf,2
/content/ia024-projeto-rag/0-downloaded-files/2-boituva/portarias/2023/02 - Fevereiro/Fev_Port_0007_Revogar e Designar Comissão Processo Seletivo Pós Graduação TAE_BTV.pdf,2
/content/ia024-projeto-rag/0-downloaded-files/2-boituva/portarias/2023/02 - Fevereiro/Fev_Port_001_2023_Designa Fiscalização de Contrato -Vigilancia Patrimonial.pdf,2
/content/ia024-projeto-rag/0-downloaded-files/2-boituva/portarias/2023/02 - Fevereiro/Fev_Port_0008_Rev e Designar a CEIC do PPC de Administração_BTV.pdf,3
/content/ia024-projeto-rag/0-downloaded-files/2-boituva/portarias/2023/02 - Fevereiro/Fev_Port_0004_Altera Colegiado de Engenharia de Produção_BTV.pdf,2
/content/ia024-projeto-rag/0-downloaded-files/2-boituva/portarias/2023/02 - Fevereiro/Fev_Port_0003_Altera NDE de GPI_BTV.pdf,1
/content/ia024-projeto-rag/0-downloaded-files/2-boituva/portarias/2023/02 - Fevereiro/Fev_Port_0005_Fiscal de contrato Portaria.pdf,2
/content/ia024-projeto-rag/0-downloaded-files/2-boituva/portarias/2023/05 - Maio/Mai_Port_0025_Comissão Eleitoral Recomposição Colegiado Pedagogia_BTV.pdf,1
/content/ia024-projeto-rag/0-downloaded-files/2-boituva/portarias/2023/05 - Maio/Mai_Port_0026_Altera NDE de Engenharia_BTV.pdf,2
/content/ia024-projeto-rag/0-downloaded-files/2-boituva/portarias/2023/05 - Maio/Mai_Port_0028_Altera Equipe Multidisciplinar para CEICs-EaD_BTV.pdf,2
/content/ia024-projeto-rag/0-downloaded-files/2-boituva/portarias/2023/05 - Maio/Mai_Port_0023_Comissão Qualifica Mais Energif_BTV 2023 Apoio Administrativo.pdf,1
/content/ia024-projeto-rag/0-downloaded-files/2-boituva/portarias/2023/05 - Maio/Mai_Port_0022_Rev e Designar a CEIC do PPC de Redes de Computadores_BTV.pdf,2
/content/ia024-projeto-rag/0-downloaded-files/2-boituva/portarias/2023/05 - Maio/Mai_Port_0027_Altera NDE de ADS_BTV.pdf,2
/content/ia024-projeto-rag/0-downloaded-files/2-boituva/portarias/2023/05 - Maio/Mai_Port_0024_Comissão Eleitoral Recomposição Colegiado Licenciatura EPT_BTV.pdf,1
/content/ia024-projeto-rag/0-downloaded-files/2-boituva/portarias/2023/08 - Agosto/Ago_Port_0054_Aprovar ad referendum Plano de Desenvolvimento Institucional (PDI).pdf,3
/content/ia024-projeto-rag/0-downloaded-files/2-boituva/portarias/2023/08 - Agosto/Ago_Port_0041_Designar a Comissão de Divulgação do Campus Boituva 2023.pdf,2
/content/ia024-projeto-rag/0-downloaded-files/2-boituva/portarias/2023/08 - Agosto/Ago_Port_0047_Revogar e Designar Fiscalização do fornecimento de agua mineral para o Câmpus Boituva do IFSP_BTV.pdf,2
/content/ia024-projeto-rag/0-downloaded-files/2-boituva/portarias/2023/08 - Agosto/Ago_Port_0046_Designa Comissão para Semana Nacional de Ciência e Tecnologia.pdf,2
/content/ia024-projeto-rag/0-downloaded-files/2-boituva/portarias/2023/08 - Agosto/Ago_Port_0050_Designa Fiscal de Contrato Internet_BTV.pdf,2
/content/ia024-projeto-rag/0-downloaded-files/2-boituva/portarias/2023/08 - Agosto/Ago_Port_0042_Revoga e Designa Colegiado de Licenciatura em Pedagogia EPT_BTV.pdf,3
/content/ia024-projeto-rag/0-downloaded-files/2-boituva/portarias/2023/08 - Agosto/Ago_Port_0051_Aprovar ad referendum Projeto Pedagógico do Curso Técnico em Sistemas de Energia Renovável.pdf,1
"/content/ia024-projeto-rag/0-downloaded-files/2-boituva/portarias/2023/08 - Agosto/Ago_Port_0045_Designar o COMPESQ - COMITÊ DE PESQUISA, INOVAÇÃO E PÓS-GRADUAÇÃO DO CÂMPUS_BTV.pdf",2
/content/ia024-projeto-rag/0-downloaded-files/2-boituva/portarias/2023/08 - Agosto/Ago_Port_0043_Comissão Eleitoral ConCam_BTV.pdf,1
/content/ia024-projeto-rag/0-downloaded-files/2-boituva/portarias/2023/08 - Agosto/Ago_Port_0048_Comissão Eleitoral Recomposição Colegiado Pedagogia_BTV.pdf,1
/content/ia024-projeto-rag/0-downloaded-files/2-boituva/portarias/2023/08 - Agosto/Ago_Port_0052_Aprovar ad referendum Projeto Pedagógico do Curso Técnico em Administração.pdf,1
/content/ia024-projeto-rag/0-downloaded-files/2-boituva/portarias/2023/08 - Agosto/Ago_Port_0040_Revoga e Designa Colegiado de Licenciatura em Pedagogia EPT_BTV.pdf,3
/content/ia024-projeto-rag/0-downloaded-files/2-boituva/portarias/2023/08 - Agosto/Ago_Port_0049_Comissão de Matricula 2023-2_BTV.pdf,2
/content/ia024-projeto-rag/0-downloaded-files/2-boituva/portarias/2023/08 - Agosto/Ago_Port_0044_Altera e Revoga Portaria e Designa membros do NDE de Engenharia de Produção_BTV.pdf,2
/content/ia024-projeto-rag/0-downloaded-files/2-boituva/portarias/2023/08 - Agosto/Ago_Port_0053_Aprovar ad referendum Projeto Pedagógico do Curso Técnico em Secretaria Escolar.pdf,1
/content/ia024-projeto-rag/0-downloaded-files/2-boituva/portarias/2023/10 - Outubro/Out_Port_0068_Colegiado de GPI_BTV.pdf,2
/content/ia024-projeto-rag/0-downloaded-files/2-boituva/portarias/2023/10 - Outubro/Out_Port_0065_Designação Banca Eletroeletrônica Mecatrônica.pdf,2
/content/ia024-projeto-rag/0-downloaded-files/2-boituva/portarias/2023/10 - Outubro/Out_Port_0070_Colegiado de Pedagogia_BTV.pdf,2
/content/ia024-projeto-rag/0-downloaded-files/2-boituva/portarias/2023/10 - Outubro/Out_Port_0067_Fiscal de contrato Limpeza.pdf,2
/content/ia024-projeto-rag/0-downloaded-files/2-boituva/portarias/2023/10 - Outubro/Out_Port_0071_Designar NDE GPI.pdf,2
/content/ia024-projeto-rag/0-downloaded-files/2-boituva/portarias/2023/10 - Outubro/Out_Port_0066_Comissão Eleitoral Coordenador de Redes_BTV.pdf,1
/content/ia024-projeto-rag/0-downloaded-files/2-boituva/portarias/2023/10 - Outubro/Out_Port_0069_Designar NDE Pós-graduação Lato Sensu em Gestão Escolar e Organização do Trabalho Pedagógico.pdf,2
/content/ia024-projeto-rag/0-downloaded-files/2-boituva/portarias/2023/06 - Junho/Jun_Port_0032_Revogar e Designar CPA DO CÂMPUS_BTV.pdf,2
/content/ia024-projeto-rag/0-downloaded-files/2-boituva/portarias/2023/06 - Junho/Jun_Port_0034_Aprovar ad referendum PPC CURSO DE LICENCIATURA EM PEDAGOGIA E EDUCAÇÃO PROFISSIONAL E TECNOLÓGICA Modalidade a Distância.pdf,1
/content/ia024-projeto-rag/0-downloaded-files/2-boituva/portarias/2023/06 - Junho/Jun_Port_0030_Fiscal de contrato copeiragem_BTV.pdf,2
/content/ia024-projeto-rag/0-downloaded-files/2-boituva/portarias/2023/06 - Junho/Jun_Port_0036_Designação de Banca - Letras Espanhol.pdf,2
/content/ia024-projeto-rag/0-downloaded-files/2-boituva/portarias/2023/06 - Junho/Jun_Port_0031_Fiscal de contrato NEE NAPNE_BTV.pdf,2
/content/ia024-projeto-rag/0-downloaded-files/2-boituva/portarias/2023/06 - Junho/Jun_Port_0033_Comissão de Matricula 2023-2_BTV.pdf,2
/content/ia024-projeto-rag/0-downloaded-files/2-boituva/portarias/2023/06 - Junho/Jun_Port_0035_Designação de Banca - Artes.pdf,2
/content/ia024-projeto-rag/0-downloaded-files/2-boituva/portarias/2023/06 - Junho/Jun_Port_0029_Rev e Designar a CEIC do PPC de Administração_BTV.pdf,3
/content/ia024-projeto-rag/0-downloaded-files/2-boituva/portarias/2023/04 - Abril/Abr_Port_0014_Rev e Designa CAAD Nucleo Comum_BTV.pdf,2
/content/ia024-projeto-rag/0-downloaded-files/2-boituva/portarias/2023/04 - Abril/Abr_Port_0019_Comissão interna de seleção Qualifica Mais Energif_BTV.pdf,1
/content/ia024-projeto-rag/0-downloaded-files/2-boituva/portarias/2023/04 - Abril/Abr_Port_0015_Revoga e designa composição do Napne_BTV.pdf,2
/content/ia024-projeto-rag/0-downloaded-files/2-boituva/portarias/2023/04 - Abril/Abr_Port_0013_Rev e Designar a CEIC do PPC de Automação Industrial Concomitante-Subsequente_BTV.pdf,2
/content/ia024-projeto-rag/0-downloaded-files/2-boituva/portarias/2023/04 - Abril/Abr_Port_0016_Revogar e Designar a CEIC do PPC do Curso Técnico em Secretaria Escolar_BTV.pdf,2
/content/ia024-projeto-rag/0-downloaded-files/2-boituva/portarias/2023/04 - Abril/Abr_Port_0012_Rev e Designar a CEIC do PPC de Automação Industrial Integrado_BTV.pdf,3
/content/ia024-projeto-rag/0-downloaded-files/2-boituva/portarias/2023/04 - Abril/Abr_Port_0018_Revoga e designa composição do Napne_BTV.pdf,2
/content/ia024-projeto-rag/0-downloaded-files/2-boituva/portarias/2023/04 - Abril/Abr_Port_0021_Rev e Designar a CEIC do PPC de Redes de Computadores_BTV.pdf,2
/content/ia024-projeto-rag/0-downloaded-files/2-boituva/portarias/2023/04 - Abril/Abr_Port_0020_Avaliação de Recurso dos Projetos de Extensão.pdf,1
/content/ia024-projeto-rag/0-downloaded-files/2-boituva/portarias/2023/04 - Abril/Abr_Port_0017_Revoga e Designa CAAD Educação_BTV.pdf,2
/content/ia024-projeto-rag/0-downloaded-files/2-boituva/portarias/2023/07 - Julho/Jul_Port_0038_Altera e Revoga Portaria e Designa membros do NDE de Engenharia de Produção_BTV.pdf,2
/content/ia024-projeto-rag/0-downloaded-files/2-boituva/portarias/2023/07 - Julho/Jul_Port_0037_Designa Docentes PRONATEC 2023_BTV.pdf,2
/content/ia024-projeto-rag/0-downloaded-files/2-boituva/portarias/2015/09 - Setembro/Set_Port_0083_Dispensa e Designa representantes da CAAD Industria.pdf,2
/content/ia024-projeto-rag/0-downloaded-files/2-boituva/portarias/2015/09 - Setembro/Set_Port_0079_Substituição de período de férias CAP.pdf,1
/content/ia024-projeto-rag/0-downloaded-files/2-boituva/portarias/2015/09 - Setembro/Set_Port_0082_Retificação da portaria BTV.0025_2015 corrigindo CPF Miguel.pdf,1
/content/ia024-projeto-rag/0-downloaded-files/2-boituva/portarias/2015/09 - Setembro/Set_Port_0078_Substituição de período de férias DRG.pdf,1
/content/ia024-projeto-rag/0-downloaded-files/2-boituva/portarias/2015/09 - Setembro/Set_Port_0081_Designa membros docentes discente e tecnicos administrativos para representação no conselho de câmpus.pdf,2
/content/ia024-projeto-rag/0-downloaded-files/2-boituva/portarias/2015/09 - Setembro/Set_Port_0080_Designa membros da comissão de cursos de extensão.pdf,1
/content/ia024-projeto-rag/0-downloaded-files/2-boituva/portarias/2015/09 - Setembro/Set_Port_0077_Substituição de período Licença Paternidade DRG.pdf,1
/content/ia024-projeto-rag/0-downloaded-files/2-boituva/portarias/2015/12 - Dezembro/Dez_Port_0113_Designa banca examinadora professor substituto de banco de dados_BTV.pdf,1
/content/ia024-projeto-rag/0-downloaded-files/2-boituva/portarias/2015/12 - Dezembro/Dez_Port_0114_Designa banca examinadora professor substituto de engenharia de produção_BTV.pdf,1
/content/ia024-projeto-rag/0-downloaded-files/2-boituva/portarias/2015/12 - Dezembro/Dez_Port_0111_Substituição do período de férias DRG_BTV.pdf,1
/content/ia024-projeto-rag/0-downloaded-files/2-boituva/portarias/2015/12 - Dezembro/Dez_Port_0105_Subcomissão para Permanencia e Exito dos Estudantes.pdf,1
/content/ia024-projeto-rag/0-downloaded-files/2-boituva/portarias/2015/12 - Dezembro/Dez_Port_0109_Substituição do período de férias CAE_BTV.pdf,1
/content/ia024-projeto-rag/0-downloaded-files/2-boituva/portarias/2015/12 - Dezembro/Dez_Port_0108_Substituição do período de férias CPI_BTV.pdf,1
/content/ia024-projeto-rag/0-downloaded-files/2-boituva/portarias/2015/12 - Dezembro/Dez_Port_0106_Substituição do período de férias GED_BTV.pdf,1
/content/ia024-projeto-rag/0-downloaded-files/2-boituva/portarias/2015/12 - Dezembro/Dez_Port_0110_Alterar Membro da Conformidade_BTV.pdf,1
/content/ia024-projeto-rag/0-downloaded-files/2-boituva/portarias/2015/12 - Dezembro/Dez_Port_0112_Aprova Calendarios Escolares 2016_BTV.pdf,26
/content/ia024-projeto-rag/0-downloaded-files/2-boituva/portarias/2015/12 - Dezembro/Dez_Port_0107_Substituição do período de férias GED_BTV.pdf,1
/content/ia024-projeto-rag/0-downloaded-files/2-boituva/portarias/2015/11 - Novembro/Nov_Port_0095_Homologar e publicar o codigo da consulta para os cargos e funções_BTV.pdf,1
/content/ia024-projeto-rag/0-downloaded-files/2-boituva/portarias/2015/11 - Novembro/Nov_Port_0099_Revoga BTV.0006_2014 e BTV.0094_214 e designa CAAD Informática_BTV.pdf,1
/content/ia024-projeto-rag/0-downloaded-files/2-boituva/portarias/2015/11 - Novembro/Nov_Port_0102_Revoga BTV.0009_2014 designa CAAD Gestão_BTV.pdf,1
/content/ia024-projeto-rag/0-downloaded-files/2-boituva/portarias/2015/11 - Novembro/Nov_Port_0094_Dispensa e Designa representantes da CAAD Informatica_BTV.pdf,1
/content/ia024-projeto-rag/0-downloaded-files/2-boituva/portarias/2015/11 - Novembro/Nov_Port_0098_Comissão de Inventario 2015_BTV.pdf,1
/content/ia024-projeto-rag/0-downloaded-files/2-boituva/portarias/2015/11 - Novembro/Nov_Port_0096_Substituição de período de férias CAP_BTV.pdf,1
/content/ia024-projeto-rag/0-downloaded-files/2-boituva/portarias/2015/11 - Novembro/Nov_Port_0097_Substituição de período de férias CRE_BTV.pdf,1
/content/ia024-projeto-rag/0-downloaded-files/2-boituva/portarias/2015/11 - Novembro/Nov_Port_0100_Revoga BTV.0007_2014 e BTV.0034_2015 e BTV.0083_2015 e designa CAAD Indústria_BTV.pdf,1
/content/ia024-projeto-rag/0-downloaded-files/2-boituva/portarias/2015/11 - Novembro/Nov_Port_0101_Revoga BTV.0008_2014 e BTV.0059_2015 e designa CAAD Núcleo Comum_BTV.pdf,1
/content/ia024-projeto-rag/0-downloaded-files/2-boituva/portarias/2015/03 - Março/Mar_Port_0012_Substituição do período de férias CTI_BTV.pdf,1
/content/ia024-projeto-rag/0-downloaded-files/2-boituva/portarias/2015/03 - Março/Mar_Port_0019_Nomeação de Comissão de Equipe de Apoio de Pregão_BTV.pdf,1
/content/ia024-projeto-rag/0-downloaded-files/2-boituva/portarias/2015/03 - Março/Mar_Port_0011_Fiscais para o contrato telefonia fixa e regovar a portaria 129 de jan de 2012_BTV.pdf,1
/content/ia024-projeto-rag/0-downloaded-files/2-boituva/portarias/2015/03 - Março/Mar_Port_0020_Nomeação de Comissão de análise FMEA_BTV.pdf,1
/content/ia024-projeto-rag/0-downloaded-files/2-boituva/portarias/2015/03 - Março/Mar_Port_0014_Designar servidor comissão de seleção de projetos de extensão_BTV.pdf,1
/content/ia024-projeto-rag/0-downloaded-files/2-boituva/portarias/2015/03 - Março/Mar_Port_0013_Substituição do período de férias CDI_BTV.pdf,1
/content/ia024-projeto-rag/0-downloaded-files/2-boituva/portarias/2015/03 - Março/Mar_Port_0016_Designar Banca Examinadora Professor Eletrotécnica_BTV.pdf,1
/content/ia024-projeto-rag/0-downloaded-files/2-boituva/portarias/2015/03 - Março/Mar_Port_0017_FLISOL_BTV.pdf,1
/content/ia024-projeto-rag/0-downloaded-files/2-boituva/portarias/2015/03 - Março/Mar_Port_0010_Fiscais para o contrato transmissão de dados e internet e regovar a portaria 130 de jan de 2012_BTV.pdf,1
/content/ia024-projeto-rag/0-downloaded-files/2-boituva/portarias/2015/03 - Março/Mar_Port_0015_Alterar horário de funcionamento do Campus_BTV.pdf,2
/content/ia024-projeto-rag/0-downloaded-files/2-boituva/portarias/2015/03 - Março/Mar_Port_0021_Substituição do período de férias NSP_BTV.pdf,1
/content/ia024-projeto-rag/0-downloaded-files/2-boituva/portarias/2015/03 - Março/Mar_Port_0018_Aprova Calendario Escolar EaD 2015_BTV.pdf,3
/content/ia024-projeto-rag/0-downloaded-files/2-boituva/portarias/2015/02 - Fevereiro/Fev_Port_0004_Aprova Calendarios Escolar 2015_BTV ANEXO.pdf,25
/content/ia024-projeto-rag/0-downloaded-files/2-boituva/portarias/2015/02 - Fevereiro/Fev_Port_0009_Alterar Comissão Pronatec.pdf,1
/content/ia024-projeto-rag/0-downloaded-files/2-boituva/portarias/2015/02 - Fevereiro/Fev_Port_0005_Fiscais para o contrato de segurança_BTV.pdf,1
/content/ia024-projeto-rag/0-downloaded-files/2-boituva/portarias/2015/02 - Fevereiro/Fev_Port_0008_Alterar membros da NDE_BTV.pdf,1
/content/ia024-projeto-rag/0-downloaded-files/2-boituva/portarias/2015/02 - Fevereiro/Fev_Port_0003_Substituição do período de férias CAP_BTV.pdf,1
/content/ia024-projeto-rag/0-downloaded-files/2-boituva/portarias/2015/02 - Fevereiro/Fev_Port_0006_Alterar membros da subcomissão 30 horas_BTV.pdf,1
/content/ia024-projeto-rag/0-downloaded-files/2-boituva/portarias/2015/02 - Fevereiro/Fev_Port_0007_Substituição do período de férias GAD_BTV.pdf,1
/content/ia024-projeto-rag/0-downloaded-files/2-boituva/portarias/2015/02 - Fevereiro/Fev_Port_0004_Aprova Calendarios Escolar 2015_BTV.pdf,26
/content/ia024-projeto-rag/0-downloaded-files/2-boituva/portarias/2015/05 - Maio/Mai_Port_0036_Fiscal de contrato vigilancia_BTV.pdf,1
/content/ia024-projeto-rag/0-downloaded-files/2-boituva/portarias/2015/05 - Maio/Mai_Port_0037_Fiscal de contrato coperagem_BTV.pdf,1
/content/ia024-projeto-rag/0-downloaded-files/2-boituva/portarias/2015/05 - Maio/Mai_Port_0038_Substituição do período de férias CAP_BTV.pdf,1
/content/ia024-projeto-rag/0-downloaded-files/2-boituva/portarias/2015/05 - Maio/Mai_Port_0039_Substituição do período de férias CRE_BTV.pdf,1
/content/ia024-projeto-rag/0-downloaded-files/2-boituva/portarias/2015/05 - Maio/Mai_Port_0041_Substituição do período de férias GAD_BTV.pdf,1
/content/ia024-projeto-rag/0-downloaded-files/2-boituva/portarias/2015/05 - Maio/Mai_Port_0035_Grupo de trabalho em microcontroladores e microprocessadores_BTV.pdf,1
/content/ia024-projeto-rag/0-downloaded-files/2-boituva/portarias/2015/05 - Maio/Mai_Port_0042_Substituição para participação do FMEPT da DRG_BTV.pdf,1
/content/ia024-projeto-rag/0-downloaded-files/2-boituva/portarias/2015/05 - Maio/Mai_Port_0043_Retifica portaria Comissão Eleitoral para Eleição de Diretor Geral_BTV.pdf,1
/content/ia024-projeto-rag/0-downloaded-files/2-boituva/portarias/2015/05 - Maio/Mai_Port_0040_Fiscal de contrato acesso internet_BTV.pdf,1
/content/ia024-projeto-rag/0-downloaded-files/2-boituva/portarias/2015/08 - Agosto/Ago_Port_0069_Comissão Permanente do Plano de Desenvolvimento Institucional_BTV.pdf,1
/content/ia024-projeto-rag/0-downloaded-files/2-boituva/portarias/2015/08 - Agosto/Ago_Port_0070_Alterar membros da subcomissão 30 horas_BTV.pdf,1
/content/ia024-projeto-rag/0-downloaded-files/2-boituva/portarias/2015/08 - Agosto/Ago_Port_0072_Substituição do período de férias CAD_BTV.pdf,1
/content/ia024-projeto-rag/0-downloaded-files/2-boituva/portarias/2015/08 - Agosto/Ago_Port_0068_Substituição do período de férias GED_BTV.pdf,1
/content/ia024-projeto-rag/0-downloaded-files/2-boituva/portarias/2015/08 - Agosto/Ago_Port_0074_Substituição do período de licença paternidade CDI_BTV.pdf,1
/content/ia024-projeto-rag/0-downloaded-files/2-boituva/portarias/2015/08 - Agosto/Ago_Port_0071_Substituição do período de férias CRE_BTV.pdf,1
/content/ia024-projeto-rag/0-downloaded-files/2-boituva/portarias/2015/08 - Agosto/Ago_Port_0075_Substituição do período de férias CDI_BTV.pdf,1
/content/ia024-projeto-rag/0-downloaded-files/2-boituva/portarias/2015/08 - Agosto/Ago_Port_0076_Substituição do período de férias CTI_BTV.pdf,1
/content/ia024-projeto-rag/0-downloaded-files/2-boituva/portarias/2015/08 - Agosto/Ago_Port_0073_Substituição do período de férias CSP_BTV.pdf,1
/content/ia024-projeto-rag/0-downloaded-files/2-boituva/portarias/2015/10 - Outubro/Out_Port_0089_Comissão de trabalhos academicos.pdf,1
/content/ia024-projeto-rag/0-downloaded-files/2-boituva/portarias/2015/10 - Outubro/Out_Port_0087_Substituição de período de férias CEX.pdf,1
/content/ia024-projeto-rag/0-downloaded-files/2-boituva/portarias/2015/10 - Outubro/Out_Port_0092_Substituição de período de férias GAD.pdf,1
/content/ia024-projeto-rag/0-downloaded-files/2-boituva/portarias/2015/10 - Outubro/Out_Port_0086_Designar servidores para CONCAM Boituva.pdf,1
/content/ia024-projeto-rag/0-downloaded-files/2-boituva/portarias/2015/10 - Outubro/Out_Port_0093_Comissão local.pdf,2
/content/ia024-projeto-rag/0-downloaded-files/2-boituva/portarias/2015/10 - Outubro/Out_Port_0090_Substituição de período de férias CGP.pdf,1
/content/ia024-projeto-rag/0-downloaded-files/2-boituva/portarias/2015/10 - Outubro/Out_Port_0084_Designar fiscal de contrato de instalação de ar condicionado.pdf,1
/content/ia024-projeto-rag/0-downloaded-files/2-boituva/portarias/2015/10 - Outubro/Out_Port_0091_Designar fiscal de contrato de fornecimento de água.pdf,1
/content/ia024-projeto-rag/0-downloaded-files/2-boituva/portarias/2015/10 - Outubro/Out_Port_0085_Designar servidores para Comissão da Quarta Semana Nacional de Ciência e Tecnologia.pdf,1
/content/ia024-projeto-rag/0-downloaded-files/2-boituva/portarias/2015/10 - Outubro/Out_Port_0088_Comissão analise solicitação eventos pesquisa e inovação.pdf,1
/content/ia024-projeto-rag/0-downloaded-files/2-boituva/portarias/2015/01 - Janeiro/Jan_Port_0001_Fiscais para o contrato pintura predial_BTV.pdf,1
/content/ia024-projeto-rag/0-downloaded-files/2-boituva/portarias/2015/01 - Janeiro/Jan_Port_0002_Fiscais para o contrato instação de cobertura_BTV.pdf,1
/content/ia024-projeto-rag/0-downloaded-files/2-boituva/portarias/2015/06 - Junho/Jun_Port_0044_Altera membros PPP e prorroga prazo conclusão do trabalho_BTV.pdf,1
/content/ia024-projeto-rag/0-downloaded-files/2-boituva/portarias/2015/06 - Junho/Jun_Port_0046_Membros da Conformidade_BTV.pdf,1
/content/ia024-projeto-rag/0-downloaded-files/2-boituva/portarias/2015/06 - Junho/Jun_Port_0050_Substituição do período de férias CAE_BTV.pdf,1
/content/ia024-projeto-rag/0-downloaded-files/2-boituva/portarias/2015/06 - Junho/Jun_Port_0047_Altera Fiscal de contrato jardinagem_BTV.pdf,1
/content/ia024-projeto-rag/0-downloaded-files/2-boituva/portarias/2015/06 - Junho/Jun_Port_0054_comite de iniciação cientifica_BTV.pdf,1
/content/ia024-projeto-rag/0-downloaded-files/2-boituva/portarias/2015/06 - Junho/Jun_Port_0051_Comissão III Festival de Jogos_BTV.pdf,1
/content/ia024-projeto-rag/0-downloaded-files/2-boituva/portarias/2015/06 - Junho/Jun_Port_0045_Designa comissão da feira de recrutamento_BTV.pdf,1
/content/ia024-projeto-rag/0-downloaded-files/2-boituva/portarias/2015/06 - Junho/Jun_Port_0052_Alterar membros da comissão local da estatuinte_BTV.pdf,1
/content/ia024-projeto-rag/0-downloaded-files/2-boituva/portarias/2015/06 - Junho/Jun_Port_0049_Substituição do período de férias CGP_BTV.pdf,1
/content/ia024-projeto-rag/0-downloaded-files/2-boituva/portarias/2015/06 - Junho/Jun_Port_0055_Substituição do periodo de férias CEX_BTV.pdf,1
/content/ia024-projeto-rag/0-downloaded-files/2-boituva/portarias/2015/06 - Junho/Jun_Port_0053_Aprovação de projeto institucional cicero_BTV.pdf,1
/content/ia024-projeto-rag/0-downloaded-files/2-boituva/portarias/2015/06 - Junho/Jun_Port_0048_Alterar membros da subcomissão 30 horas_BTV.pdf,1
/content/ia024-projeto-rag/0-downloaded-files/2-boituva/portarias/2015/04 - Abril/Abr_Port_0026_Comissão Eleitoral para Eleição de Diretor Geral_BTV.pdf,1
/content/ia024-projeto-rag/0-downloaded-files/2-boituva/portarias/2015/04 - Abril/Abr_Port_0022_Alterar fiscais de contrato Internet_BTV.pdf,1
/content/ia024-projeto-rag/0-downloaded-files/2-boituva/portarias/2015/04 - Abril/Abr_Port_0034_Alteração na CAAD Industria_BTV.pdf,1
/content/ia024-projeto-rag/0-downloaded-files/2-boituva/portarias/2015/04 - Abril/Abr_Port_0028_Substituição do período de férias DRG_BTV.pdf,1
/content/ia024-projeto-rag/0-downloaded-files/2-boituva/portarias/2015/04 - Abril/Abr_Port_0033_Membros colegiado TADS_BTV.pdf,2
/content/ia024-projeto-rag/0-downloaded-files/2-boituva/portarias/2015/04 - Abril/Abr_Port_0027_Comissão Processo Seletivo 2° Semestre 2015_BTV.pdf,1
/content/ia024-projeto-rag/0-downloaded-files/2-boituva/portarias/2015/04 - Abril/Abr_Port_0024_Alterar fiscais de contrato Reprografia_BTV.pdf,1
/content/ia024-projeto-rag/0-downloaded-files/2-boituva/portarias/2015/04 - Abril/Abr_Port_0031_Substituição do período de férias CTI_BTV.pdf,1
/content/ia024-projeto-rag/0-downloaded-files/2-boituva/portarias/2015/04 - Abril/Abr_Port_0029_Alteração de calendário escolar_BTV.pdf,1
/content/ia024-projeto-rag/0-downloaded-files/2-boituva/portarias/2015/04 - Abril/Abr_Port_0023_Alterar fiscais de contrato Limpeza_BTV.pdf,1
/content/ia024-projeto-rag/0-downloaded-files/2-boituva/portarias/2015/04 - Abril/Abr_Port_0032_Substituição do período de férias GED_BTV.pdf,1
/content/ia024-projeto-rag/0-downloaded-files/2-boituva/portarias/2015/04 - Abril/Abr_Port_0025_Alterar fiscais de contrato Manutenção_BTV.pdf,1
/content/ia024-projeto-rag/0-downloaded-files/2-boituva/portarias/2015/04 - Abril/Abr_Port_0030_Substituição do período de férias CAD_BTV.pdf,1
/content/ia024-projeto-rag/0-downloaded-files/2-boituva/portarias/2015/07 - Julho/Jul_Port_0056_Substituição do periodo de férias CPI_BTV.pdf,1
/content/ia024-projeto-rag/0-downloaded-files/2-boituva/portarias/2015/07 - Julho/Jul_Port_0060_Fiscal de contrato telefonia fixa comutada_BTV.pdf,1
/content/ia024-projeto-rag/0-downloaded-files/2-boituva/portarias/2015/07 - Julho/Jul_Port_0064_Designar comissão eleitoral do conselho de campus_BTV.pdf,1
/content/ia024-projeto-rag/0-downloaded-files/2-boituva/portarias/2015/07 - Julho/Jul_Port_0065_Designa Equipe de Formação Continuada de Boituva_BTV.pdf,1
/content/ia024-projeto-rag/0-downloaded-files/2-boituva/portarias/2015/07 - Julho/Jul_Port_0061_Aprova Calendarios Escolar 2015 Logistica_BTV.pdf,4
/content/ia024-projeto-rag/0-downloaded-files/2-boituva/portarias/2015/07 - Julho/Jul_Port_0057_Substituição do periodo de férias CGP_BTV.pdf,1
/content/ia024-projeto-rag/0-downloaded-files/2-boituva/portarias/2015/07 - Julho/Jul_Port_0063_Designar Banca Examinadora Professor Arquitetura de Redes_BTV.pdf,1
/content/ia024-projeto-rag/0-downloaded-files/2-boituva/portarias/2015/07 - Julho/Jul_Port_0062_Designar Banca Examinadora Professor Banco de Dados_BTV.pdf,1
/content/ia024-projeto-rag/0-downloaded-files/2-boituva/portarias/2015/07 - Julho/Jul_Port_0058_Substituição do periodo de férias CAE Regiane_BTV.pdf,1
/content/ia024-projeto-rag/0-downloaded-files/2-boituva/portarias/2015/07 - Julho/Jul_Port_0059_Alteração na CAAD Núcleo Comum_BTV.pdf,1
/content/ia024-projeto-rag/0-downloaded-files/2-boituva/portarias/2015/07 - Julho/Jul_Port_0066_Aprova horário de funcionamento Biblioteca_BTV.pdf,1
/content/ia024-projeto-rag/0-downloaded-files/2-boituva/portarias/2020/04 - Abril/Abr_Port_0018_Aprova carga horaria para desenvolvimento do projeto institucional de extensão Mulheres 2020 IFSP_BTV.pdf,1
/content/ia024-projeto-rag/0-downloaded-files/2-boituva/portarias/2020/07 - Julho/Jul_Port_0050_Revoga e Designa Comissão Processo Seletivo Pós Graduação TAE_BTV.pdf,1
/content/ia024-projeto-rag/0-downloaded-files/2-boituva/portarias/2020/07 - Julho/Jul_Port_0056_Designar servidores para Comissão da Nona Semana Nacional de Ciência e Tecnologia_BTV.pdf,1
/content/ia024-projeto-rag/0-downloaded-files/2-boituva/portarias/2020/07 - Julho/Jul_Port_0049_Preparação de material para oferta de curso moodle_BTV.pdf,1
/content/ia024-projeto-rag/0-downloaded-files/2-boituva/portarias/2020/07 - Julho/Jul_Port_0052_Designa Comissão Cursos de Extensão_BTV.pdf,1
/content/ia024-projeto-rag/0-downloaded-files/2-boituva/portarias/2020/07 - Julho/Jul_Port_0051_Retificar Substituição por férias DAE_BTV.pdf,1
/content/ia024-projeto-rag/0-downloaded-files/2-boituva/portarias/2020/07 - Julho/Jul_Port_0059_Aprovação de readequação do calendário escolar 2020 _BTV.pdf,1
/content/ia024-projeto-rag/0-downloaded-files/2-boituva/portarias/2020/07 - Julho/Jul_Port_0058_Nomeação de Comissão de Equipe de Apoio de Pregão_BTV.pdf,1
/content/ia024-projeto-rag/0-downloaded-files/2-boituva/portarias/2020/07 - Julho/Jul_Port_0061_Comissão Eleitoral Coordenação TADS_BTV.pdf,1
/content/ia024-projeto-rag/0-downloaded-files/2-boituva/portarias/2020/07 - Julho/Jul_Port_0047_Substituição da CLT por motivo de férias_BTV.pdf,1
/content/ia024-projeto-rag/0-downloaded-files/2-boituva/portarias/2020/07 - Julho/Jul_Port_0046_Autorização de condutores veiculos oficiais _BTV.pdf,1
/content/ia024-projeto-rag/0-downloaded-files/2-boituva/portarias/2020/07 - Julho/Jul_Port_0060_Instituir a Comissão de Elaboração e Implementação do PPC de Logistica_BTV.pdf,1
/content/ia024-projeto-rag/0-downloaded-files/2-boituva/portarias/2020/07 - Julho/Jul_Port_0053_Substituição CRA por motivo de férias_BTV.pdf,1
/content/ia024-projeto-rag/0-downloaded-files/2-boituva/portarias/2020/07 - Julho/Jul_Port_0054_Designar servidores para Comissão Especial de Compras e Acompanhamento das Ações de Alimentação Escolar_BTV.pdf,1
/content/ia024-projeto-rag/0-downloaded-files/2-boituva/portarias/2020/07 - Julho/Jul_Port_0048_Substituição CPI por motivo de férias_BTV.pdf,1
/content/ia024-projeto-rag/0-downloaded-files/2-boituva/portarias/2020/07 - Julho/Jul_Port_0057_Comissão Eleitoral Coordenação Redes de Computadores_BTV.pdf,1
/content/ia024-projeto-rag/0-downloaded-files/2-boituva/portarias/2020/07 - Julho/Jul_Port_0055_Designa servidores para banca de substituto letras-portugues-ingles_BTV.pdf,1
/content/ia024-projeto-rag/0-downloaded-files/2-boituva/portarias/2021/09 - Setembro/Set_Port_0066_Revoga e Designa CAAD Informática_BTV.pdf,2
/content/ia024-projeto-rag/0-downloaded-files/2-boituva/portarias/2021/09 - Setembro/Set_Port_0064_Comissão Local para revisão do PPP do Câmpus Boituva do IFSP_BTV.pdf,2
/content/ia024-projeto-rag/0-downloaded-files/2-boituva/portarias/2021/09 - Setembro/Set_Port_0068_Revogar e Designar Agente de Prospecção de Projetos de Inovação_BTV_BTV.pdf,1
/content/ia024-projeto-rag/0-downloaded-files/2-boituva/portarias/2021/09 - Setembro/Set_Port_0071_Comissão Eleitoral ConCam Out-2021 a Set-2023_BTV.pdf,2
/content/ia024-projeto-rag/0-downloaded-files/2-boituva/portarias/2021/09 - Setembro/Set_Port_0065_Comissão para Acompanhamento para o ENADE 2021 do Câmpus Boituva do IFSP_BTV.pdf,2
/content/ia024-projeto-rag/0-downloaded-files/2-boituva/portarias/2021/09 - Setembro/Set_Port_0067_Designa Comissão para Semana de Pedagogia_BTV.pdf,2
/content/ia024-projeto-rag/0-downloaded-files/2-boituva/portarias/2021/09 - Setembro/Set_Port_0069_Comissão Processo Seletivo Pós GTI 2021_BTV_BTV.pdf,2
/content/ia024-projeto-rag/0-downloaded-files/2-boituva/portarias/2021/12 - Dezembro/Dez_Port_0091_Designação de Banca Examinadora Eletronica_BTV.pdf,1
/content/ia024-projeto-rag/0-downloaded-files/2-boituva/portarias/2021/12 - Dezembro/Dez_Port_0092_Designação de Banca Examinadora Quimica_BTV.pdf,1
/content/ia024-projeto-rag/0-downloaded-files/2-boituva/portarias/2021/12 - Dezembro/Dez_Port_0090_Revogar e Designar a Comissão de Elaboração e Implementação do PPC do Curso Técnico em Logistica_BTV.pdf,2
/content/ia024-projeto-rag/0-downloaded-files/2-boituva/portarias/2021/11 - Novembro/Nov_Port_0084_Retificar a Comissão Eleitoral ConCam_BTV.pdf,2
/content/ia024-projeto-rag/0-downloaded-files/2-boituva/portarias/2021/11 - Novembro/Nov_Port_0085_Designar Coordenador pedagógico Curso Agroecologia_BTV.pdf,1
"/content/ia024-projeto-rag/0-downloaded-files/2-boituva/portarias/2021/11 - Novembro/Nov_Port_0083_Retifica carga horaria Grupo de trabalho GT5-Acolhimento para servidores, terceirizados e discentes_BTV.pdf",1
/content/ia024-projeto-rag/0-downloaded-files/2-boituva/portarias/2021/11 - Novembro/Nov_Port_0087_Designar Coordenador do Curso de Licenciatura em Pedagogia EPT_BTV.pdf,1
/content/ia024-projeto-rag/0-downloaded-files/2-boituva/portarias/2021/11 - Novembro/Nov_Port_0089_Colegiado de Licenciatura em Pedagogia EPT_BTV.pdf,2
/content/ia024-projeto-rag/0-downloaded-files/2-boituva/portarias/2021/11 - Novembro/Nov_Port_0086_Comissão Eleitoral Coordenador de Curso Secretaria Escolar_BTV.pdf,1
/content/ia024-projeto-rag/0-downloaded-files/2-boituva/portarias/2021/11 - Novembro/Nov_Port_0088_Fiscalização Contratação de outsourcing para operação de almoxarifado para o Câmpus Boituva do IFSP_BTV.pdf,1
/content/ia024-projeto-rag/0-downloaded-files/2-boituva/portarias/2021/03 - Março/Mar_Port_0018_Retificação de Substituição da DAE por motivo de férias_BTV.pdf,1
/content/ia024-projeto-rag/0-downloaded-files/2-boituva/portarias/2021/03 - Março/Mar_Port_0019_Designar colegiado PEDAGOGIA EPT_BTV.pdf,2
/content/ia024-projeto-rag/0-downloaded-files/2-boituva/portarias/2021/02 - Fevereiro/Fev_Port_0010_Designa CAAD Núcleo Comum_BTV.pdf,1
/content/ia024-projeto-rag/0-downloaded-files/2-boituva/portarias/2021/02 - Fevereiro/Fev_Port_0017_Designar Comissão Eleitoral Local Conselho Superior_BTV.pdf,1
/content/ia024-projeto-rag/0-downloaded-files/2-boituva/portarias/2021/02 - Fevereiro/Fev_Port_0015_Substituição CEX por motivo de férias_BTV.pdf,1
/content/ia024-projeto-rag/0-downloaded-files/2-boituva/portarias/2021/02 - Fevereiro/Fev_Port_0014_Comissão Eleitoral Coordenação Gestão da Produção Industrial_Engenharia de Produção_BTV.pdf,1
/content/ia024-projeto-rag/0-downloaded-files/2-boituva/portarias/2021/02 - Fevereiro/Fev_Port_0013_Substituição CPI por motivo de férias_BTV.pdf,1
/content/ia024-projeto-rag/0-downloaded-files/2-boituva/portarias/2021/02 - Fevereiro/Fev_Port_0011_Designar Agente de Prospecção de Projetos de Inovação_BTV.pdf,1
/content/ia024-projeto-rag/0-downloaded-files/2-boituva/portarias/2021/02 - Fevereiro/Fev_Port_0012_Substituição DAE por motivo de férias_BTV.pdf,1
/content/ia024-projeto-rag/0-downloaded-files/2-boituva/portarias/2021/02 - Fevereiro/Fev_Port_0016_Retificar Orientação de estágio pedagogia_BTV.pdf,1
"/content/ia024-projeto-rag/0-downloaded-files/2-boituva/portarias/2021/05 - Maio/Mai_Port_0032_Grupo de trabalho GT5-Acolhimento para servidores, terceirizados e discentes_BTV.pdf",2
/content/ia024-projeto-rag/0-downloaded-files/2-boituva/portarias/2021/05 - Maio/Mai_Port_0035_Comissão Eleitoral Recomposição Colegiado Pedagogia_BTV.pdf,1
/content/ia024-projeto-rag/0-downloaded-files/2-boituva/portarias/2021/05 - Maio/Mai_Port_0042_Comissão Local Reformulação PDI-2019-2023_BTV.pdf,2
/content/ia024-projeto-rag/0-downloaded-files/2-boituva/portarias/2021/05 - Maio/Mai_Port_0029_Grupo de trabalho GT3-Acessibilidade digital aos Docentes e Técnicos Administrativos_BTV.pdf,2
/content/ia024-projeto-rag/0-downloaded-files/2-boituva/portarias/2021/05 - Maio/Mai_Port_0033_Revogar e Instituir a Comissão de Elaboração e Implementação do PPC de Administração_BTV.pdf,2
/content/ia024-projeto-rag/0-downloaded-files/2-boituva/portarias/2021/05 - Maio/Mai_Port_0039_Comissão Eleitoral Recomposição Colegiado TADS_BTV.pdf,1
/content/ia024-projeto-rag/0-downloaded-files/2-boituva/portarias/2021/05 - Maio/Mai_Port_0041_Designar membros Equipe Formação Continuada_BTV.pdf,2
/content/ia024-projeto-rag/0-downloaded-files/2-boituva/portarias/2021/05 - Maio/Mai_Port_0036_Retificação Manual do Inventário _BTV.pdf,1
/content/ia024-projeto-rag/0-downloaded-files/2-boituva/portarias/2021/05 - Maio/Mai_Port_0028_Grupo de trabalho GT2-Acessibilidade digital aos Estudantes_BTV.pdf,2
/content/ia024-projeto-rag/0-downloaded-files/2-boituva/portarias/2021/05 - Maio/Mai_Port_0038_Revogar e Instituir a Comissão de Elaboração e Implementação do PPC de Logistica_BTV.pdf,2
/content/ia024-projeto-rag/0-downloaded-files/2-boituva/portarias/2021/05 - Maio/Mai_Port_0040_Revoga portarias BTV.0024-2018  e designa membros NDE TADS_BTV.pdf,1
/content/ia024-projeto-rag/0-downloaded-files/2-boituva/portarias/2021/05 - Maio/Mai_Port_0034_Retificação Prazo Final Inventário _BTV.pdf,1
/content/ia024-projeto-rag/0-downloaded-files/2-boituva/portarias/2021/05 - Maio/Mai_Port_0030_Grupo de trabalho GT4-Contribuições da EaD para o Ensino Remoto Emergencial_BTV.pdf,2
/content/ia024-projeto-rag/0-downloaded-files/2-boituva/portarias/2021/05 - Maio/Mai_Port_0037_Designar servidor comissão de seleção de projetos de ensino do Campus Votuporanga_BTV.pdf,1
/content/ia024-projeto-rag/0-downloaded-files/2-boituva/portarias/2021/08 - Agosto/Ago_Port_0057_Colegiado de TADS_BTV.pdf,2
/content/ia024-projeto-rag/0-downloaded-files/2-boituva/portarias/2021/08 - Agosto/Ago_Port_0062_Revogar e Designar a Comissão de Elaboração e Implementação do PPC do Curso Tecnico em Energia Renovavel_BTV.pdf,2
